序,產品代號,品名,單價,體積,廠牌,長,寬,高,種類,葷素,重量(g),"輸入格式(序,產品代碼+品名,單價,體積,種類)"
1,A1-1,《台糖》沙拉油(600ml/瓶),43,1176.00 ,台糖,7.0 ,7.0 ,24.0 ,油,素食,596,1_A1-1《台糖》沙拉油(600ml/瓶)_43_1176_油
2,A1-2,《台糖》葵花油(1000ml/瓶),99,1664.00 ,台糖,8.0 ,8.0 ,26.0 ,油,素食,1432,2_A1-2《台糖》葵花油(1000ml/瓶)_99_1664_油
3,A1-3,《泰山 》特級好理健康調和油(600ml),50,904.75 ,泰山,7.0 ,5.5 ,23.5 ,油,素食,596,3_A1-3《泰山 》特級好理健康調和油(600ml)_50_904.75_油
4,A1-4,《泰山 》健康好理由葵花油(1200ml),189,1785.00 ,泰山,10.0 ,7.0 ,25.5 ,油,素食,1616,4_A1-4《泰山 》健康好理由葵花油(1200ml)_189_1785_油
5,A1-5,《統一》綺麗健康油(652ml/瓶),199,881.25 ,統一,7.5 ,5.0 ,23.5 ,油,素食,600,5_A1-5《統一》綺麗健康油(652ml/瓶)_199_881.25_油
6,A1-6,《統一》大豆沙拉油(760ml/瓶),77,1147.50 ,統一,7.5 ,6.0 ,25.5 ,油,素食,760,6_A1-6《統一》大豆沙拉油(760ml/瓶)_77_1147.5_油
7,A1-7,《福壽》沙拉油(500ml),59,1176.00 ,福壽,7.0 ,7.0 ,24.0 ,油,素食,500,7_A1-7《福壽》沙拉油(500ml)_59_1176_油
8,A1-8,《維義》橄欖油(500ml),219,954.00 ,維義,6.0 ,6.0 ,26.5 ,油,素食,500,8_A1-8《維義》橄欖油(500ml)_219_954_油
9,A1-9,《維義》橄欖油(1000ml),139,1728.00 ,維義,8.0 ,8.0 ,27.0 ,油,素食,1432,9_A1-9《維義》橄欖油(1000ml)_139_1728_油
10,B1-1,《中興》鴨禾米(1.5kg/包),135,1530.00 ,中興,15.0 ,17.0 ,6.0 ,米,素食,1500,10_B1-1《中興》鴨禾米(1.5kg/包)_135_1530_米
11,B1-2,《中興》越之米(1.5kg/包),135,1530.00 ,中興,15.0 ,17.0 ,6.0 ,米,素食,1500,11_B1-2《中興》越之米(1.5kg/包)_135_1530_米
12,B1-3,《中興》外銷日本之米(1.5kg/包),159,1530.00 ,中興,15.0 ,17.0 ,6.0 ,米,素食,1500,12_B1-3《中興》外銷日本之米(1.5kg/包)_159_1530_米
13,B1-4,《中興》壽司米(1.5kg/包),155,2070.00 ,中興,23.0 ,3.0 ,30.0 ,米,素食,1500,13_B1-4《中興》壽司米(1.5kg/包)_155_2070_米
14,B1-5,《中興》外銷日本之米(3kg/包),155,2944.00 ,中興,32.0 ,23.0 ,4.0 ,米,素食,3000,14_B1-5《中興》外銷日本之米(3kg/包)_155_2944_米
15,B1-6,《中興》關山榖堡米(3kg/包),189,2904.00 ,中興,33.0 ,22.0 ,4.0 ,米,素食,3000,15_B1-6《中興》關山榖堡米(3kg/包)_189_2904_米
16,B1-7,《中興》皇家榖堡米(3kg/包),165,2904.00 ,中興,33.0 ,22.0 ,4.0 ,米,素食,3000,16_B1-7《中興》皇家榖堡米(3kg/包)_165_2904_米
17,B1-8,《天生好米》天生好米(1.5kg/包),99,1458.00 ,天生好米,18.0 ,3.0 ,27.0 ,米,素食,1500,17_B1-8《天生好米》天生好米(1.5kg/包)_99_1458_米
18,B1-9,《天生好米》鮮活白米(1.5kg/包),129,1458.00 ,天生好米,18.0 ,3.0 ,27.0 ,米,素食,1500,18_B1-9《天生好米》鮮活白米(1.5kg/包)_129_1458_米
19,B1-10,《天生好米》月之壽司米(1.8kg/包),99,1596.00 ,天生好米,19.0 ,3.0 ,28.0 ,米,素食,1800,19_B1-10《天生好米》月之壽司米(1.8kg/包)_99_1596_米
20,B1-11,《天生好米》月之好米(1.8kg/包),99,1596.00 ,天生好米,19.0 ,3.0 ,28.0 ,米,素食,1800,20_B1-11《天生好米》月之好米(1.8kg/包)_99_1596_米
21,B1-12,《天生好米》東部米產(2.4kg/包),149,2520.00 ,天生好米,21.0 ,4.0 ,30.0 ,米,素食,2400,21_B1-12《天生好米》東部米產(2.4kg/包)_149_2520_米
22,B1-13,《天生好米》花東之米(2.4kg/包),149,2520.00 ,天生好米,21.0 ,4.0 ,30.0 ,米,素食,2400,22_B1-13《天生好米》花東之米(2.4kg/包)_149_2520_米
23,B1-14,《天生好米》富里米(2.4kg/包),149,2520.00 ,天生好米,21.0 ,4.0 ,30.0 ,米,素食,2400,23_B1-14《天生好米》富里米(2.4kg/包)_149_2520_米
24,B1-15,《天生好米》壽司米(3kg/包),179,2277.00 ,天生好米,23.0 ,3.0 ,33.0 ,米,素食,3000,24_B1-15《天生好米》壽司米(3kg/包)_179_2277_米
25,B1-16,《天生好米》好食的味(3kg/包),169,2277.00 ,天生好米,23.0 ,3.0 ,33.0 ,米,素食,3000,25_B1-16《天生好米》好食的味(3kg/包)_169_2277_米
26,B1-17,《天生好米》月之米(3kg/包),184,2277.00 ,天生好米,23.0 ,3.0 ,33.0 ,米,素食,3000,26_B1-17《天生好米》月之米(3kg/包)_184_2277_米
27,B1-18,《天生好米》富里5號米(3kg/包),155,2277.00 ,天生好米,23.0 ,3.0 ,33.0 ,米,素食,3000,27_B1-18《天生好米》富里5號米(3kg/包)_155_2277_米
28,B1-19,《天生好米》富里九號米(3kg/包),189,2277.00 ,天生好米,23.0 ,3.0 ,33.0 ,米,素食,3000,28_B1-19《天生好米》富里九號米(3kg/包)_189_2277_米
29,B1-20,《三好》春耕美白米(1.5kg/包),84,1620.00 ,三好,30.0 ,3.0 ,18.0 ,米,素食,1500,29_B1-20《三好》春耕美白米(1.5kg/包)_84_1620_米
30,B1-21,《三好》夏耘鮮白米(1.5kg/包),84,1620.00 ,三好,30.0 ,3.0 ,18.0 ,米,素食,1500,30_B1-21《三好》夏耘鮮白米(1.5kg/包)_84_1620_米
31,B1-22,《三好》三好米(2kg),119,1890.00 ,三好,15.0 ,6.0 ,21.0 ,米,素食,2000,31_B1-22《三好》三好米(2kg)_119_1890_米
32,B1-23,《三好》台梗九號米(2kg/包),139,1800.00 ,三好,15.0 ,15.0 ,8.0 ,米,素食,2000,32_B1-23《三好》台梗九號米(2kg/包)_139_1800_米
33,B1-24,《三好》素晴米(2.5kg/包),169,2816.00 ,三好,22.0 ,4.0 ,32.0 ,米,素食,2500,33_B1-24《三好》素晴米(2.5kg/包)_169_2816_米
34,B1-25,《三好》旨米(2.5kg/包),199,2816.00 ,三好,22.0 ,4.0 ,32.0 ,米,素食,2500,34_B1-25《三好》旨米(2.5kg/包)_199_2816_米
35,B1-26,《三好》台灣長鮮米(2.7kg/包),189,2816.00 ,三好,22.0 ,4.0 ,32.0 ,米,素食,2700,35_B1-26《三好》台灣長鮮米(2.7kg/包)_189_2816_米
36,B1-27,《三好》15度C益全香米(3kg/包),219,2904.00 ,三好,22.0 ,4.0 ,33.0 ,米,素食,3000,36_B1-27《三好》15度C益全香米(3kg/包)_219_2904_米
37,B1-28,《三好》台灣特級米(3kg/包),169,2904.00 ,三好,22.0 ,4.0 ,33.0 ,米,素食,3000,37_B1-28《三好》台灣特級米(3kg/包)_169_2904_米
38,B1-29,《三好》長秈壽司米(3kg/包),145,2904.00 ,三好,22.0 ,4.0 ,33.0 ,米,素食,3000,38_B1-29《三好》長秈壽司米(3kg/包)_145_2904_米
39,B1-30,《三好》在地好米(3kg/包),189,2904.00 ,三好,22.0 ,4.0 ,33.0 ,米,素食,3000,39_B1-30《三好》在地好米(3kg/包)_189_2904_米
40,B1-31,《三好》台梗九號米(3kg/包),205,2904.00 ,三好,33.0 ,22.0 ,4.0 ,米,素食,3000,40_B1-31《三好》台梗九號米(3kg/包)_205_2904_米
41,B1-32,《三好》台灣壽司米(3kg/包),159,2904.00 ,三好,33.0 ,22.0 ,4.0 ,米,素食,3000,41_B1-32《三好》台灣壽司米(3kg/包)_159_2904_米
42,B1-33,《三好》天然好米(3kg/包),169,2904.00 ,三好,33.0 ,22.0 ,4.0 ,米,素食,3000,42_B1-33《三好》天然好米(3kg/包)_169_2904_米
43,B1-34,《三好》壽司米(3kg/包),145,2904.00 ,三好,33.0 ,22.0 ,4.0 ,米,素食,1500,43_B1-34《三好》壽司米(3kg/包)_145_2904_米
44,B1-35,《皇家榖堡》榖堡台東米(1.5kg/包),129,2070.00 ,皇家榖堡,23.0 ,3.0 ,30.0 ,米,素食,2400,44_B1-35《皇家榖堡》榖堡台東米(1.5kg/包)_129_2070_米
45,B1-36,《皇家榖堡》東鄉正東好米(2.4kg/包),149,2079.00 ,皇家榖堡,21.0 ,3.0 ,33.0 ,米,素食,2400,45_B1-36《皇家榖堡》東鄉正東好米(2.4kg/包)_149_2079_米
46,B1-37,《皇家榖堡》東鄉縱谷米(2.4kg/包),149,2079.00 ,皇家榖堡,21.0 ,3.0 ,33.0 ,米,素食,2400,46_B1-37《皇家榖堡》東鄉縱谷米(2.4kg/包)_149_2079_米
47,B1-38,《皇家榖堡》貴族精米(2.7kg/包 CNS三等米),329,2772.00 ,皇家榖堡,21.0 ,4.0 ,33.0 ,米,素食,2700,47_B1-38《皇家榖堡》貴族精米(2.7kg/包 CNS三等米)_329_2772_米
48,B1-39,《富豐》香米(1.8kg/包),159,1566.00 ,富豐,18.0 ,3.0 ,29.0 ,米,素食,1800,48_B1-39《富豐》香米(1.8kg/包)_159_1566_米
49,B1-40,《銀川》有機白米(1.5kg/包),219,1900.00 ,銀川,19.0 ,4.0 ,25.0 ,米,素食,1500,49_B1-40《銀川》有機白米(1.5kg/包)_219_1900_米
50,B1-41,《巧婦》新鮮米(3kg/包),169,2772.00 ,巧婦,21.0 ,4.0 ,33.0 ,米,素食,3000,50_B1-41《巧婦》新鮮米(3kg/包)_169_2772_米
51,B1-42,《巧婦》長鮮米(3kg/包),189,2772.00 ,巧婦,21.0 ,4.0 ,33.0 ,米,素食,3000,51_B1-42《巧婦》長鮮米(3kg/包)_189_2772_米
52,B1-43,《三好》十六穀米(1.2kg/包),135,1155.00 ,三好,11.0 ,7.0 ,15.0 ,米,素食,1200,52_B1-43《三好》十六穀米(1.2kg/包)_135_1155_米
53,B1-44,《三好》秋收免浸糙米(1.5kg/包),84,1620.00 ,三好,30.0 ,3.0 ,18.0 ,米,素食,1500,53_B1-44《三好》秋收免浸糙米(1.5kg/包)_84_1620_米
54,B1-45,《三好》鴨田長秈糙米(1.5kg/包),152,1890.00 ,三好,15.0 ,6.0 ,21.0 ,米,素食,1500,54_B1-45《三好》鴨田長秈糙米(1.5kg/包)_152_1890_米
55,B1-46,《三好》鴨田胚芽糙米(1.5kg/包),165,1890.00 ,三好,15.0 ,6.0 ,21.0 ,米,素食,1500,55_B1-46《三好》鴨田胚芽糙米(1.5kg/包)_165_1890_米
56,B1-47,《三好》養生五穀米(1.8kg/包),145,1890.00 ,三好,15.0 ,6.0 ,21.0 ,米,素食,1800,56_B1-47《三好》養生五穀米(1.8kg/包)_145_1890_米
57,B1-48,《三好》台梗九號免浸糙米(2kg/包),129,2160.00 ,三好,15.0 ,9.0 ,16.0 ,米,素食,2000,57_B1-48《三好》台梗九號免浸糙米(2kg/包)_129_2160_米
58,B1-49,《三好》長秈糙米(3kg/包),169,2754.00 ,三好,17.0 ,6.0 ,27.0 ,米,素食,3000,58_B1-49《三好》長秈糙米(3kg/包)_169_2754_米
59,B1-50,《三好》胚芽糙米(3kg/包),169,2754.00 ,三好,17.0 ,6.0 ,27.0 ,米,素食,3000,59_B1-50《三好》胚芽糙米(3kg/包)_169_2754_米
60,B1-51,《天生好米》胚芽糙米(1.5kg/包),99,2025.00 ,天生好米,15.0 ,5.0 ,27.0 ,米,素食,1500,60_B1-51《天生好米》胚芽糙米(1.5kg/包)_99_2025_米
61,B1-52,《天生好米》鮮活糙米(1.5kg/包),129,1458.00 ,天生好米,18.0 ,3.0 ,27.0 ,米,素食,1500,61_B1-52《天生好米》鮮活糙米(1.5kg/包)_129_1458_米
62,B1-53,《天生好米》月之糙米(1.8kg/包),99,1596.00 ,天生好米,19.0 ,3.0 ,28.0 ,米,素食,1800,62_B1-53《天生好米》月之糙米(1.8kg/包)_99_1596_米
63,B1-54,《天生好米》養生糙米(2kg/包),149,2250.00 ,天生好米,15.0 ,5.0 ,30.0 ,米,素食,2000,63_B1-54《天生好米》養生糙米(2kg/包)_149_2250_米
64,B1-55,《關山農會》關山糙米(2kg/包),165,2320.00 ,關山農會,20.0 ,4.0 ,29.0 ,米,素食,2000,64_B1-55《關山農會》關山糙米(2kg/包)_165_2320_米
65,B1-56,《關山農會》關山胚芽米(2kg/包),170,1740.00 ,關山農會,20.0 ,3.0 ,29.0 ,米,素食,2000,65_B1-56《關山農會》關山胚芽米(2kg/包)_170_1740_米
66,B1-57,《中興》鍾愛一生養生十穀米(1.2kg/包),139,1408.00 ,中興,8.0 ,11.0 ,16.0 ,米,素食,1200,66_B1-57《中興》鍾愛一生養生十穀米(1.2kg/包)_139_1408_米
67,B1-58,《中興》鴨禾糙米(1.5kg/包),145,1530.00 ,中興,17.0 ,6.0 ,15.0 ,米,素食,1500,67_B1-58《中興》鴨禾糙米(1.5kg/包)_145_1530_米
68,B1-59,《中興》糙米(2kg/包),99,2079.00 ,中興,21.0 ,3.0 ,33.0 ,米,素食,2000,68_B1-59《中興》糙米(2kg/包)_99_2079_米
69,B1-60,《中興》胚芽米(2kg),89,1783.50 ,中興,20.5 ,3.0 ,29.0 ,米,素食,2000,69_B1-60《中興》胚芽米(2kg)_89_1783.5_米
70,B1-61,《銀川》有機糙米(1.5kg/包),223,1900.00 ,銀川,19.0 ,4.0 ,25.0 ,米,素食,1500,70_B1-61《銀川》有機糙米(1.5kg/包)_223_1900_米
71,B1-62,《皇家榖堡》糙米(1.5kg/包),129,2070.00 ,皇家榖堡,23.0 ,3.0 ,30.0 ,米,素食,1500,71_B1-62《皇家榖堡》糙米(1.5kg/包)_129_2070_米
72,B1-63,《皇家榖堡》胚芽糙米(2.5kg/包),128,1600.00 ,皇家榖堡,16.0 ,5.0 ,20.0 ,米,素食,2500,72_B1-63《皇家榖堡》胚芽糙米(2.5kg/包)_128_1600_米
73,B1-64,《皇家榖堡》糙米(2.5kg/包),149,1600.00 ,皇家榖堡,16.0 ,5.0 ,20.0 ,米,素食,2500,73_B1-64《皇家榖堡》糙米(2.5kg/包)_149_1600_米
74,C1-1,《丸莊》松級蔭油(500ml/瓶),105,990.00 ,丸莊,6.0 ,6.0 ,27.5 ,醬油,素食,908,74_C1-1《丸莊》松級蔭油(500ml/瓶)_105_990_醬油
75,C1-2,《丸莊》極品黑豆蔭油清(300ml/瓶),79,648.00 ,丸莊,6.0 ,6.0 ,18.0 ,醬油,素食,612,75_C1-2《丸莊》極品黑豆蔭油清(300ml/瓶)_79_648_醬油
76,C1-3,《丸莊》極品蔭油膏(350g/瓶),79,648.00 ,丸莊,6.0 ,6.0 ,18.0 ,醬油,素食,350,76_C1-3《丸莊》極品蔭油膏(350g/瓶)_79_648_醬油
77,C1-4,《大同》人級蔭油膏(420ml),53,990.00 ,大同,6.0 ,6.0 ,27.5 ,醬油,素食,817,77_C1-4《大同》人級蔭油膏(420ml)_53_990_醬油
78,C1-5,《大同》味霖純釀醬油(400ml),109,990.00 ,大同,6.0 ,6.0 ,27.5 ,醬油,素食,808,78_C1-5《大同》味霖純釀醬油(400ml)_109_990_醬油
79,C1-6,《大同》秋菊油膏(420ml),95,990.00 ,大同,6.0 ,6.0 ,27.5 ,醬油,素食,817,79_C1-6《大同》秋菊油膏(420ml)_95_990_醬油
80,C1-7,《大同》秋菊黑豆油膏(400ml),95,990.00 ,大同,6.0 ,6.0 ,27.5 ,醬油,素食,817,80_C1-7《大同》秋菊黑豆油膏(400ml)_95_990_醬油
81,C1-8,《大同》秋菊黑豆醬油(400ml),69,990.00 ,大同,6.0 ,6.0 ,27.5 ,醬油,素食,807,81_C1-8《大同》秋菊黑豆醬油(400ml)_69_990_醬油
82,C1-9,《大同》勝醬蔭油膏(420ml),78,990.00 ,大同,6.0 ,6.0 ,27.5 ,醬油,素食,817,82_C1-9《大同》勝醬蔭油膏(420ml)_78_990_醬油
83,C1-10,《大同》湖底薄鹽蔭油(400ml),82,990.00 ,大同,6.0 ,6.0 ,27.5 ,醬油,素食,808,83_C1-10《大同》湖底薄鹽蔭油(400ml)_82_990_醬油
84,C1-11,《大同》黑巴桑黑豆純釀醬油(420ml),139,990.00 ,大同,6.0 ,6.0 ,27.5 ,醬油,素食,817,84_C1-11《大同》黑巴桑黑豆純釀醬油(420ml)_139_990_醬油
85,C1-12,《大同》蔭油膏(420ml),45,990.00 ,大同,6.0 ,6.0 ,27.5 ,醬油,素食,817,85_C1-12《大同》蔭油膏(420ml)_45_990_醬油
86,C1-13,《李錦記》甘甜油露(410g),79,954.00 ,李錦記,6.0 ,6.0 ,26.5 ,醬油,素食,410,86_C1-13《李錦記》甘甜油露(410g)_79_954_醬油
87,C1-14,《李錦記》熊貓蠔油(255g),59,559.63 ,李錦記,5.5 ,5.5 ,18.5 ,醬油,葷食,255,87_C1-14《李錦記》熊貓蠔油(255g)_59_559.625_醬油
88,C1-15,《李錦記》熊貓蠔油(510g),87,918.00 ,李錦記,6.0 ,6.0 ,25.5 ,醬油,葷食,510,88_C1-15《李錦記》熊貓蠔油(510g)_87_918_醬油
89,C1-16,《李錦記》蒸魚油露(410g),87,954.00 ,李錦記,6.0 ,6.0 ,26.5 ,醬油,葷食,410,89_C1-16《李錦記》蒸魚油露(410g)_87_954_醬油
90,C1-17,《李錦記》舊庄特級蠔油(255g),95,559.63 ,李錦記,5.5 ,5.5 ,18.5 ,醬油,葷食,255,90_C1-17《李錦記》舊庄特級蠔油(255g)_95_559.625_醬油
91,C1-18,《李錦記》舊庄特級蠔油(510g),158,918.00 ,李錦記,6.0 ,6.0 ,25.5 ,醬油,葷食,510,91_C1-18《李錦記》舊庄特級蠔油(510g)_158_918_醬油
92,C1-19,《味王》金味王醬油(1000ml),50,1376.00 ,味王,8.0 ,8.0 ,21.5 ,醬油,素食,1432,92_C1-19《味王》金味王醬油(1000ml)_50_1376_醬油
93,C1-20,《味王》婦友醬油(1000ml),32,1376.00 ,味王,8.0 ,8.0 ,21.5 ,醬油,素食,1432,93_C1-20《味王》婦友醬油(1000ml)_32_1376_醬油
94,C1-21,《味王》極品醬油露(750ml),57,1659.38 ,味王,7.5 ,7.5 ,29.5 ,醬油,素食,750,94_C1-21《味王》極品醬油露(750ml)_57_1659.375_醬油
95,C1-22,《味王》醬油露(1000ml),60,1376.00 ,味王,8.0 ,8.0 ,21.5 ,醬油,素食,1432,95_C1-22《味王》醬油露(1000ml)_60_1376_醬油
96,C1-23,《金蘭》甘露醬油(295ml/瓶),34,756.00 ,金蘭,6.0 ,6.0 ,21.0 ,醬油,素食,561,96_C1-23《金蘭》甘露醬油(295ml/瓶)_34_756_醬油
97,C1-24,《金蘭》甘露醬油(500ml),59,1176.00 ,金蘭,7.0 ,7.0 ,24.0 ,醬油,素食,908,97_C1-24《金蘭》甘露醬油(500ml)_59_1176_醬油
98,C1-25,《金蘭》鼓舌醬油(590ml),72,1176.00 ,金蘭,7.0 ,7.0 ,24.0 ,醬油,素食,1000,98_C1-25《金蘭》鼓舌醬油(590ml)_72_1176_醬油
99,C1-26,《金蘭》精釀造甘醇油膏(590ml),36,1176.00 ,金蘭,7.0 ,7.0 ,24.0 ,醬油,素食,1000,99_C1-26《金蘭》精釀造甘醇油膏(590ml)_36_1176_醬油
100,C1-27,《金蘭》精釀造油膏(590ml),36,1176.00 ,金蘭,7.0 ,7.0 ,24.0 ,醬油,素食,1000,100_C1-27《金蘭》精釀造油膏(590ml)_36_1176_醬油
101,C1-28,《金蘭》薄鹽醬油(590ml),55,1176.00 ,金蘭,7.0 ,7.0 ,24.0 ,醬油,素食,1000,101_C1-28《金蘭》薄鹽醬油(590ml)_55_1176_醬油
102,C1-29,《金蘭》醬油桌上瓶(148ml/玻璃),33,432.00 ,金蘭,6.0 ,6.0 ,12.0 ,醬油,素食,318,102_C1-29《金蘭》醬油桌上瓶(148ml/玻璃)_33_432_醬油
103,C1-30,《統一》四季醬油(870ml),49,1856.00 ,統一,8.0 ,8.0 ,29.0 ,醬油,素食,1089,103_C1-30《統一》四季醬油(870ml)_49_1856_醬油
104,C1-31,《統一》高純釀醬油(870ml),67,1856.00 ,統一,8.0 ,8.0 ,29.0 ,醬油,素食,1099,104_C1-31《統一》高純釀醬油(870ml)_67_1856_醬油
105,C1-32,《統一》龜甲萬甘醇醬油(1000ml/瓶),67,1376.00 ,統一,8.0 ,8.0 ,21.5 ,醬油,素食,1233,105_C1-32《統一》龜甲萬甘醇醬油(1000ml/瓶)_67_1376_醬油
106,C1-33,《統一》龜甲萬料亭和露(370ml/瓶),74,1127.00 ,統一,7.0 ,7.0 ,23.0 ,醬油,葷食,777,106_C1-33《統一》龜甲萬料亭和露(370ml/瓶)_74_1127_醬油
107,C1-34,《統一》龜甲萬料亭和露(香菇昆布)(370ml/瓶),79,1127.00 ,統一,7.0 ,7.0 ,23.0 ,醬油,素食,777,107_C1-34《統一》龜甲萬料亭和露(香菇昆布)(370ml/瓶)_79_1127_醬油
108,C1-35,《統一》龜甲萬鮮美露(340ml/瓶),72,980.00 ,統一,7.0 ,7.0 ,20.0 ,醬油,葷食,650,108_C1-35《統一》龜甲萬鮮美露(340ml/瓶)_72_980_醬油
109,C1-36,《萬家香》大吟釀薄鹽醬油(300ml/瓶),45,866.13 ,萬家香,6.5 ,6.5 ,20.5 ,醬油,素食,565,109_C1-36《萬家香》大吟釀薄鹽醬油(300ml/瓶)_45_866.125_醬油
110,C1-37,《萬家香》大吟釀醬油(300ml/瓶),36,866.13 ,萬家香,6.5 ,6.5 ,20.5 ,醬油,素食,565,110_C1-37《萬家香》大吟釀醬油(300ml/瓶)_36_866.125_醬油
111,C1-38,《萬家香》大吟釀蠔油(1000ml),65,1878.50 ,萬家香,8.5 ,8.5 ,26.0 ,醬油,葷食,1273,111_C1-38《萬家香》大吟釀蠔油(1000ml)_65_1878.5_醬油
112,C1-39,《萬家香》香菇素蠔油(1000ml),64,1878.50 ,萬家香,8.5 ,8.5 ,26.0 ,醬油,葷食,1267,112_C1-39《萬家香》香菇素蠔油(1000ml)_64_1878.5_醬油
113,C1-40,《萬家香》香菇素蠔油(300ml),31,756.00 ,萬家香,6.0 ,6.0 ,21.0 ,醬油,葷食,649,113_C1-40《萬家香》香菇素蠔油(300ml)_31_756_醬油
114,C1-41,《萬家香》純釀造油膏(360g/瓶),35,1237.50 ,萬家香,7.5 ,7.5 ,22.0 ,醬油,素食,360,114_C1-41《萬家香》純釀造油膏(360g/瓶)_35_1237.5_醬油
115,C1-42,《萬家香》壺底油(1000ml),58,1878.50 ,萬家香,8.5 ,8.5 ,26.0 ,醬油,素食,1270,115_C1-42《萬家香》壺底油(1000ml)_58_1878.5_醬油
116,D1-1,紅標料理米酒,25,1421.00 ,公賣局,7.0 ,7.0 ,29.0 ,米酒,素食,1066,116_D1-1紅標料理米酒_25_1421_米酒
117,D1-2,特級紅標米酒,38,792.00 ,公賣局,6.0 ,6.0 ,22.0 ,米酒,素食,554,117_D1-2特級紅標米酒_38_792_米酒
118,D1-3,紅標米酒水,47,1421.00 ,公賣局,7.0 ,7.0 ,29.0 ,米酒,素食,1083,118_D1-3紅標米酒水_47_1421_米酒
119,D1-4,特級紅標純米酒,45,792.00 ,公賣局,6.0 ,6.0 ,22.0 ,米酒,素食,553,119_D1-4特級紅標純米酒_45_792_米酒
120,D1-5,天味米酒,26,1372.00 ,天味,7.0 ,7.0 ,28.0 ,米酒,素食,633,120_D1-5天味米酒_26_1372_米酒
121,D1-6,美鳳料理米酒,24,1127.00 ,名賀,7.0 ,7.0 ,23.0 ,米酒,素食,600,121_D1-6美鳳料理米酒_24_1127_米酒
122,D1-7,春雨料理米酒,24,1127.00 ,國慶,7.0 ,7.0 ,23.0 ,米酒,素食,600,122_D1-7春雨料理米酒_24_1127_米酒
123,E1-1,《台糖》 二號砂糖 (1kg/包),36,504.00 ,台糖,9.0 ,28.0 ,2.0 ,糖,素食,1000,123_E1-1《台糖》 二號砂糖 (1kg/包)_36_504_糖
124,E1-2,《台糖》 貳號砂糖 (500g/包),23,633.60 ,台糖,22.0 ,14.4 ,2.0 ,糖,素食,500,124_E1-2《台糖》 貳號砂糖 (500g/包)_23_633.6_糖
125,F1-1,《台鹽》健康減鈉鹽(300g/罐),55,567.00 ,台鹽,9.0 ,9.0 ,7.0 ,鹽,素食,300,125_F1-1《台鹽》健康減鈉鹽(300g/罐)_55_567_鹽
126,F1-2,《台鹽》天然超鮮鹽(300g/罐),49,567.00 ,台鹽,9.0 ,9.0 ,7.0 ,鹽,素食,300,126_F1-2《台鹽》天然超鮮鹽(300g/罐)_49_567_鹽
127,F1-3,《台鹽》台灣精緻海鹽(300g/罐),49,567.00 ,台鹽,9.0 ,9.0 ,7.0 ,鹽,素食,300,127_F1-3《台鹽》台灣精緻海鹽(300g/罐)_49_567_鹽
128,F1-4,《台鹽》健康美味鹽(300g/罐),55,972.00 ,台鹽,9.0 ,9.0 ,12.0 ,鹽,素食,300,128_F1-4《台鹽》健康美味鹽(300g/罐)_55_972_鹽
129,F1-5,《台鹽》原味料理鹽(500g/包),55,528.00 ,台鹽,11.0 ,3.0 ,16.0 ,鹽,素食,500,129_F1-5《台鹽》原味料理鹽(500g/包)_55_528_鹽
130,F1-6,《台鹽》台灣的鹽(600g/包),27,648.00 ,台鹽,12.0 ,3.0 ,18.0 ,鹽,素食,600,130_F1-6《台鹽》台灣的鹽(600g/包)_27_648_鹽
131,F1-7,《台鹽》醃漬天然海鹽(600g/包),45,648.00 ,台鹽,3.0 ,12.0 ,18.0 ,鹽,素食,600,131_F1-7《台鹽》醃漬天然海鹽(600g/包)_45_648_鹽
132,F1-8,《台鹽》特級精鹽(1000g/包),19,884.00 ,台鹽,13.0 ,4.0 ,17.0 ,鹽,素食,1000,132_F1-8《台鹽》特級精鹽(1000g/包)_19_884_鹽
133,F1-9,《台鹽》高級精鹽(1000g),14,884.00 ,台鹽,13.0 ,4.0 ,17.0 ,鹽,素食,1000,133_F1-9《台鹽》高級精鹽(1000g)_14_884_鹽
134,F1-10,《台鹽》健康美味鹽(600g/罐),82,567.00 ,台鹽,9.0 ,9.0 ,7.0 ,鹽,素食,600,134_F1-10《台鹽》健康美味鹽(600g/罐)_82_567_鹽
135,F1-11,《台鹽》健康減鈉鹽(600g/ 罐),81,972.00 ,台鹽,9.0 ,9.0 ,12.0 ,鹽,素食,600,135_F1-11《台鹽》健康減鈉鹽(600g/ 罐)_81_972_鹽
136,F1-12,《天廚》喜馬拉雅山岩鹽細粒(400g/罐),89,608.00 ,天廚,8.0 ,8.0 ,9.5 ,鹽,素食,400,136_F1-12《天廚》喜馬拉雅山岩鹽細粒(400g/罐)_89_608_鹽
137,F1-13,《天廚》紐西蘭細精鹽(400g/罐),59,608.00 ,天廚,8.0 ,8.0 ,9.5 ,鹽,素食,400,137_F1-13《天廚》紐西蘭細精鹽(400g/罐)_59_608_鹽
138,F1-14,《天廚》紐西蘭有機天然海鹽(300g),66,608.00 ,天廚,8.0 ,8.0 ,9.5 ,鹽,素食,300,138_F1-14《天廚》紐西蘭有機天然海鹽(300g)_66_608_鹽
139,F1-15,《Taiwan Yes》深滋味鹽(300g/罐),65,607.50 ,Taiwan Yes,9.0 ,9.0 ,7.5 ,鹽,素食,300,139_F1-15《Taiwan Yes》深滋味鹽(300g/罐)_65_607.5_鹽
140,F1-16,《AJIYO》高級岩鹽(600g/包),26,663.00 ,AJIYO,17.0 ,13.0 ,3.0 ,鹽,素食,600,140_F1-16《AJIYO》高級岩鹽(600g/包)_26_663_鹽
141,F1-17,《AJIYO》美味岩鹽(500g/袋),79,780.00 ,AJIYO,12.0 ,5.0 ,13.0 ,鹽,素食,500,141_F1-17《AJIYO》美味岩鹽(500g/袋)_79_780_鹽
142,F1-18,《紐西蘭》日曬海鹽-加碘(350g/罐),79,576.00 ,紐西蘭,8.0 ,8.0 ,9.0 ,鹽,素食,350,142_F1-18《紐西蘭》日曬海鹽-加碘(350g/罐)_79_576_鹽
143,F1-19,《統一生機》天然海鹽(300g/罐),55,607.50 ,統一生機,9.0 ,9.0 ,7.5 ,鹽,素食,300,143_F1-19《統一生機》天然海鹽(300g/罐)_55_607.5_鹽
144,F1-20,《家輝》喜馬拉雅山有機岩鹽(100g/罐),57,182.25 ,家輝,4.5 ,4.5 ,9.0 ,鹽,素食,100,144_F1-20《家輝》喜馬拉雅山有機岩鹽(100g/罐)_57_182.25_鹽
145,G1-1,《日正》台灣媽祖調和米粉(300g),30,2464.00 ,日正,16.0 ,7.0 ,22.0 ,冬粉與炊粉,素食,300,145_G1-1《日正》台灣媽祖調和米粉(300g)_30_2464_冬粉與炊粉
146,G1-2,《日正》台灣麵攤粉絲(110g),22,1120.00 ,日正,14.0 ,5.0 ,16.0 ,冬粉與炊粉,素食,110,146_G1-2《日正》台灣麵攤粉絲(110g)_22_1120_冬粉與炊粉
147,G1-3,《日正》新竹調和米粉(260g),39,3150.00 ,日正,18.0 ,7.0 ,25.0 ,冬粉與炊粉,素食,260,147_G1-3《日正》新竹調和米粉(260g)_39_3150_冬粉與炊粉
148,G1-4,《虎牌》炊粉(350g),35,2898.00 ,虎牌,18.0 ,7.0 ,23.0 ,冬粉與炊粉,素食,350,148_G1-4《虎牌》炊粉(350g)_35_2898_冬粉與炊粉
149,G1-5,《金大》佛祖牌新竹調和米粉(200g),39,1176.00 ,金大,14.0 ,4.0 ,21.0 ,冬粉與炊粉,素食,200,149_G1-5《金大》佛祖牌新竹調和米粉(200g)_39_1176_冬粉與炊粉
150,G1-6,《揚茂》勝茂媽祖新竹炊粉(270g),28,1840.00 ,揚茂,16.0 ,5.0 ,23.0 ,冬粉與炊粉,素食,270,150_G1-6《揚茂》勝茂媽祖新竹炊粉(270g)_28_1840_冬粉與炊粉
151,G1-7,《新吉發》炊粉(600g),49,4480.00 ,新吉發,20.0 ,8.0 ,28.0 ,冬粉與炊粉,素食,600,151_G1-7《新吉發》炊粉(600g)_49_4480_冬粉與炊粉
152,G1-8,《福牌》粉絲(420g),48,2100.00 ,福牌,12.0 ,7.0 ,25.0 ,冬粉與炊粉,素食,420,152_G1-8《福牌》粉絲(420g)_48_2100_冬粉與炊粉
153,G1-9,《福牌》寬粉(320g),50,2100.00 ,福牌,12.0 ,7.0 ,25.0 ,冬粉與炊粉,素食,320,153_G1-9《福牌》寬粉(320g)_50_2100_冬粉與炊粉
154,G1-10,《龍口》冬粉(105g),23,1190.00 ,龍口,14.0 ,5.0 ,17.0 ,冬粉與炊粉,素食,105,154_G1-10《龍口》冬粉(105g)_23_1190_冬粉與炊粉
155,G1-11,《龍口》炊粉(250g),25,3105.00 ,龍口,15.0 ,9.0 ,23.0 ,冬粉與炊粉,素食,250,155_G1-11《龍口》炊粉(250g)_25_3105_冬粉與炊粉
156,G1-12,《龍口》粉絲(200g),75,1540.00 ,龍口,14.0 ,5.0 ,22.0 ,冬粉與炊粉,素食,200,156_G1-12《龍口》粉絲(200g)_75_1540_冬粉與炊粉
157,G1-13,《龍口》新竹炊粉(200g),21,2000.00 ,龍口,16.0 ,5.0 ,25.0 ,冬粉與炊粉,素食,200,157_G1-13《龍口》新竹炊粉(200g)_21_2000_冬粉與炊粉
158,G1-14,《龍口》新竹炊粉(400g),59,3240.00 ,龍口,15.0 ,8.0 ,27.0 ,冬粉與炊粉,素食,400,158_G1-14《龍口》新竹炊粉(400g)_59_3240_冬粉與炊粉
159,G2-1,《正逢》在家吃麵-拉麵(200g/包),15,215.25 ,正逢,10.5 ,1.0 ,20.5 ,麵條,素食,200,159_G2-1《正逢》在家吃麵-拉麵(200g/包)_15_215.25_麵條
160,G2-2,《正逢》在家吃麵-細麵(200g/包),15,215.25 ,正逢,10.5 ,1.0 ,20.5 ,麵條,素食,200,160_G2-2《正逢》在家吃麵-細麵(200g/包)_15_215.25_麵條
161,G2-3,《正逢》在家吃麵-油麵(200g/包),15,215.25 ,正逢,10.5 ,1.0 ,20.5 ,麵條,素食,200,161_G2-3《正逢》在家吃麵-油麵(200g/包)_15_215.25_麵條
162,G2-4,《正逢》在家吃麵-壽麵線(200g/包),15,215.25 ,正逢,10.5 ,1.0 ,20.5 ,麵條,素食,200,162_G2-4《正逢》在家吃麵-壽麵線(200g/包)_15_215.25_麵條
163,G2-5,《正逢》在家吃麵北方細麵(300g/包),22,399.00 ,正逢,9.5 ,2.0 ,21.0 ,麵條,素食,300,163_G2-5《正逢》在家吃麵北方細麵(300g/包)_22_399_麵條
164,G2-6,《正逢》在家吃麵北京拉麵(300g/包),22,399.00 ,正逢,9.5 ,2.0 ,21.0 ,麵條,素食,300,164_G2-6《正逢》在家吃麵北京拉麵(300g/包)_22_399_麵條
165,G2-7,《五木》麵大師-和風麵條(300g/包),25,400.00 ,五木,10.0 ,2.0 ,20.0 ,麵條,素食,300,165_G2-7《五木》麵大師-和風麵條(300g/包)_25_400_麵條
166,G2-8,《五木》麵大師-蘭州拉麵(300g/包),21,400.00 ,五木,10.0 ,2.0 ,20.0 ,麵條,素食,300,166_G2-8《五木》麵大師-蘭州拉麵(300g/包)_21_400_麵條
167,G2-9,《五木》烏龍麵(300g/包),25,440.00 ,五木,22.0 ,10.0 ,2.0 ,麵條,素食,300,167_G2-9《五木》烏龍麵(300g/包)_25_440_麵條
168,G2-10,《五木》營養麵條(300g),25,440.00 ,五木,22.0 ,10.0 ,2.0 ,麵條,素食,300,168_G2-10《五木》營養麵條(300g)_25_440_麵條
169,G2-11,《五木》關東麵(375g/包),35,440.00 ,五木,22.0 ,10.0 ,2.0 ,麵條,素食,375,169_G2-11《五木》關東麵(375g/包)_35_440_麵條
170,G2-12,《五木》細關東麵(375公克/包),36,440.00 ,五木,22.0 ,10.0 ,2.0 ,麵條,素食,375,170_G2-12《五木》細關東麵(375公克/包)_36_440_麵條
171,G2-13,《龍口》台灣油麵(350g/包),32,440.00 ,龍口,10.0 ,2.0 ,22.0 ,麵條,素食,350,171_G2-13《龍口》台灣油麵(350g/包)_32_440_麵條
172,G2-14,《統一》好勁道-月見雞蛋風味麵(300g/包),23,440.00 ,統一,22.0 ,10.0 ,2.0 ,麵條,素食,300,172_G2-14《統一》好勁道-月見雞蛋風味麵(300g/包)_23_440_麵條
173,G2-15,《統一》好勁道-家常麵條(300g/包),23,440.00 ,統一,22.0 ,10.0 ,2.0 ,麵條,素食,300,173_G2-15《統一》好勁道-家常麵條(300g/包)_23_440_麵條
174,G2-16,《統一》好勁道-寬版大麵(300g/包),23,440.00 ,統一,22.0 ,10.0 ,2.0 ,麵條,素食,300,174_G2-16《統一》好勁道-寬版大麵(300g/包)_23_440_麵條
175,G2-17,《統一》好勁道-千羽拉麵(320g/包),32,440.00 ,統一,10.0 ,2.0 ,22.0 ,麵條,素食,320,175_G2-17《統一》好勁道-千羽拉麵(320g/包)_32_440_麵條
176,G2-18,《日本》讚歧烏龍麵(300g/包),89,594.00 ,日本,9.0 ,3.0 ,22.0 ,麵條,素食,300,176_G2-18《日本》讚歧烏龍麵(300g/包)_89_594_麵條
177,G2-19,《日本》讚歧特別工法薄切烏龍麵(220g/包),139,621.00 ,日本,9.0 ,3.0 ,23.0 ,麵條,素食,220,177_G2-19《日本》讚歧特別工法薄切烏龍麵(220g/包)_139_621_麵條
178,H1-1,《3點1刻》日月潭奶茶(20g*15包/袋),139 ,4155.30 ,3點1刻,24.3 ,6.0 ,28.5 ,沖泡飲,素食,300,178_H1-1《3點1刻》日月潭奶茶(20g*15包/袋)_139_4155.3_沖泡飲
179,H1-2,《3點1刻》沖繩黑糖奶茶(20g*15包/袋),123 ,4155.30 ,3點1刻,24.3 ,6.0 ,28.5 ,沖泡飲,素食,300,179_H1-2《3點1刻》沖繩黑糖奶茶(20g*15包/袋)_123_4155.3_沖泡飲
180,H1-3,《3點1刻》經典伯爵奶茶(20gx15包/袋),109 ,4155.30 ,3點1刻,24.3 ,6.0 ,28.5 ,沖泡飲,素食,300,180_H1-3《3點1刻》經典伯爵奶茶(20gx15包/袋)_109_4155.3_沖泡飲
181,H1-4,《3點1刻》經典玫瑰花果奶茶(20gx15包/袋),123 ,4155.30 ,3點1刻,24.3 ,6.0 ,28.5 ,沖泡飲,素食,300,181_H1-4《3點1刻》經典玫瑰花果奶茶(20gx15包/袋)_123_4155.3_沖泡飲
182,H1-5,《3點1刻》經典炭燒奶茶(20gx15包/袋),139 ,4155.30 ,3點1刻,24.3 ,6.0 ,28.5 ,沖泡飲,素食,300,182_H1-5《3點1刻》經典炭燒奶茶(20gx15包/袋)_139_4155.3_沖泡飲
183,H1-6,《3點1刻》經典原味奶茶(20gx15包/袋),107 ,4155.30 ,3點1刻,24.3 ,6.0 ,28.5 ,沖泡飲,素食,300,183_H1-6《3點1刻》經典原味奶茶(20gx15包/袋)_107_4155.3_沖泡飲
184,H1-7,《T世家》原味抹茶拿鐵(18g*18入),169 ,3960.00 ,T世家,24.0 ,5.0 ,33.0 ,沖泡飲,素食,324,184_H1-7《T世家》原味抹茶拿鐵(18g*18入)_169_3960_沖泡飲
185,H1-8,《T世家》黑糖抹茶拿鐵(18g*18入),78 ,3960.00 ,T世家,24.0 ,5.0 ,33.0 ,沖泡飲,素食,324,185_H1-8《T世家》黑糖抹茶拿鐵(18g*18入)_78_3960_沖泡飲
186,H1-9,《T世家》玄米抹茶拿鐵(18g*18入),169 ,3960.00 ,T世家,24.0 ,5.0 ,33.0 ,沖泡飲,素食,324,186_H1-9《T世家》玄米抹茶拿鐵(18g*18入)_169_3960_沖泡飲
187,H1-10,《立頓》奶茶粉東方焙香烏龍量販包(19gx18入/包),129 ,3565.00 ,立頓,23.0 ,5.0 ,31.0 ,沖泡飲,素食,342,187_H1-10《立頓》奶茶粉東方焙香烏龍量販包(19gx18入/包)_129_3565_沖泡飲
188,H1-11,《立頓》奶茶粉英式經典袋裝(17.5gx18入/包),135 ,3565.00 ,立頓,23.0 ,5.0 ,31.0 ,沖泡飲,素食,315,188_H1-11《立頓》奶茶粉英式經典袋裝(17.5gx18入/包)_135_3565_沖泡飲
189,H1-12,《立頓》奶茶粉原味量販包(20gX24入/包),130 ,3565.00 ,立頓,23.0 ,5.0 ,31.0 ,沖泡飲,素食,480,189_H1-12《立頓》奶茶粉原味量販包(20gX24入/包)_130_3565_沖泡飲
190,H1-13,《立頓》奶茶粉原味罐裝(450g),115 ,1173.25 ,立頓,9.5 ,13.0 ,9.5 ,沖泡飲,素食,450,190_H1-13《立頓》奶茶粉原味罐裝(450g)_115_1173.25_沖泡飲
191,H1-14,《立頓》奶茶粉港式鴛鴦咖啡奶茶量販包(18.5g*16),135 ,3565.00 ,立頓,23.0 ,5.0 ,31.0 ,沖泡飲,素食,296,191_H1-14《立頓》奶茶粉港式鴛鴦咖啡奶茶量販包(18.5g*16)_135_3565_沖泡飲
192,H1-15,《伯朗》3合1奶茶(15g*30包),99 ,3680.00 ,伯朗,23.0 ,5.0 ,32.0 ,沖泡飲,素食,450,192_H1-15《伯朗》3合1奶茶(15g*30包)_99_3680_沖泡飲
193,H1-16,《伯朗》奶茶3合1(17gx45包/袋),135 ,3680.00 ,伯朗,23.0 ,5.0 ,32.0 ,沖泡飲,素食,765,193_H1-16《伯朗》奶茶3合1(17gx45包/袋)_135_3680_沖泡飲
194,H1-17,《桂格》北海道鮮奶茶(26G*12),89 ,3318.00 ,桂格,23.7 ,4.0 ,35.0 ,沖泡飲,素食,312,194_H1-17《桂格》北海道鮮奶茶(26G*12)_89_3318_沖泡飲
195,H1-18,《馬玉山》抹綠奶茶(20gx16包/袋),97 ,3630.00 ,馬玉山,24.0 ,5.5 ,27.5 ,沖泡飲,素食,320,195_H1-18《馬玉山》抹綠奶茶(20gx16包/袋)_97_3630_沖泡飲
196,H1-19,《馬玉山》炭香紅奶茶(20gx16包/袋),100 ,3630.00 ,馬玉山,24.0 ,5.5 ,27.5 ,沖泡飲,素食,320,196_H1-19《馬玉山》炭香紅奶茶(20gx16包/袋)_100_3630_沖泡飲
197,H1-20,《義美》經典英式奶茶(18g*18包/袋),110 ,3816.00 ,義美,24.0 ,5.0 ,31.8 ,沖泡飲,素食,324,197_H1-20《義美》經典英式奶茶(18g*18包/袋)_110_3816_沖泡飲
198,H1-21,《義美》經典原味奶茶(18gx18包/袋),105 ,3816.00 ,義美,24.0 ,5.0 ,31.8 ,沖泡飲,素食,324,198_H1-21《義美》經典原味奶茶(18gx18包/袋)_105_3816_沖泡飲
199,H1-22,《廣吉》台灣茶品集-日月潭奶茶(20g*12入),119 ,3795.00 ,廣吉,23.0 ,5.0 ,33.0 ,沖泡飲,素食,240,199_H1-22《廣吉》台灣茶品集-日月潭奶茶(20g*12入)_119_3795_沖泡飲
200,H1-23,《廣吉》台灣茶品集-南投凍頂烏龍奶茶(20g*12入),99 ,3795.00 ,廣吉,23.0 ,5.0 ,33.0 ,沖泡飲,素食,240,200_H1-23《廣吉》台灣茶品集-南投凍頂烏龍奶茶(20g*12入)_99_3795_沖泡飲
201,H1-24,《廣吉》法式香草奶茶,198 ,3795.00 ,廣吉,23.0 ,5.0 ,33.0 ,沖泡飲,素食,240,201_H1-24《廣吉》法式香草奶茶_198_3795_沖泡飲
202,H1-25,《廣吉》歐式奶茶,178 ,3795.00 ,廣吉,23.0 ,5.0 ,33.0 ,沖泡飲,素食,240,202_H1-25《廣吉》歐式奶茶_178_3795_沖泡飲
203,H1-26,《摩卡》現在最好奶茶(18g*24包),92 ,4048.00 ,摩卡,23.0 ,5.5 ,32.0 ,沖泡飲,素食,432,203_H1-26《摩卡》現在最好奶茶(18g*24包)_92_4048_沖泡飲
204,H1-27,《摩卡》現在最好巧克力風味奶茶(18g*22包/袋),95 ,4048.00 ,摩卡,23.0 ,5.5 ,32.0 ,沖泡飲,素食,396,204_H1-27《摩卡》現在最好巧克力風味奶茶(18g*22包/袋)_95_4048_沖泡飲
205,H1-28,《摩卡》現在最好香麥奶茶(18g*24包/袋),96 ,4048.00 ,摩卡,23.0 ,5.5 ,32.0 ,沖泡飲,素食,432,205_H1-28《摩卡》現在最好香麥奶茶(18g*24包/袋)_96_4048_沖泡飲
206,H1-29,《台糖》白五寶(30g*15包/袋),109 ,3816.00 ,台糖,24.0 ,5.0 ,31.8 ,沖泡飲,素食,450,206_H1-29《台糖》白五寶(30g*15包/袋)_109_3816_沖泡飲
207,H1-30,《台糖》有機黑寶穀粉(30g*10包/盒),143 ,3816.00 ,台糖,24.0 ,5.0 ,31.8 ,沖泡飲,素食,300,207_H1-30《台糖》有機黑寶穀粉(30g*10包/盒)_143_3816_沖泡飲
208,H1-31,《台糖》紅五寶(30g*15包/袋),109 ,3816.00 ,台糖,24.0 ,5.0 ,31.8 ,沖泡飲,素食,450,208_H1-31《台糖》紅五寶(30g*15包/袋)_109_3816_沖泡飲
209,H1-32,《台糖》黑五寶(新)(30g*15包/袋),113 ,3816.00 ,台糖,24.0 ,5.0 ,31.8 ,沖泡飲,素食,450,209_H1-32《台糖》黑五寶(新)(30g*15包/袋)_113_3816_沖泡飲
210,H1-33,《桂格》超級北海道-堅果(30G*10入/袋),111 ,3318.00 ,桂格,23.7 ,4.0 ,35.0 ,沖泡飲,素食,300,210_H1-33《桂格》超級北海道-堅果(30G*10入/袋)_111_3318_沖泡飲
211,H1-34,《桂格》超級北海道-減糖(30G*10入/袋),104 ,3318.00 ,桂格,23.7 ,4.0 ,35.0 ,沖泡飲,素食,300,211_H1-34《桂格》超級北海道-減糖(30G*10入/袋)_104_3318_沖泡飲
212,H1-35,《桂格》超級北海道-鮮奶(30G*10入/袋),99 ,3318.00 ,桂格,23.7 ,4.0 ,35.0 ,沖泡飲,素食,300,212_H1-35《桂格》超級北海道-鮮奶(30G*10入/袋)_99_3318_沖泡飲
213,H1-36,《桂格》超級無糖穀珍十六穀(28G*10/袋),95 ,3318.00 ,桂格,23.7 ,4.0 ,35.0 ,沖泡飲,素食,280,213_H1-36《桂格》超級無糖穀珍十六穀(28G*10/袋)_95_3318_沖泡飲
214,H1-37,《桂格》超級無糖穀珍玄米(28G*10入/袋),115 ,3318.00 ,桂格,23.7 ,4.0 ,35.0 ,沖泡飲,素食,280,214_H1-37《桂格》超級無糖穀珍玄米(28G*10入/袋)_115_3318_沖泡飲
215,H1-38,《桂格》黑穀珍寶穀精(32g*12包/袋),98 ,3318.00 ,桂格,23.7 ,4.0 ,35.0 ,沖泡飲,素食,384,215_H1-38《桂格》黑穀珍寶穀精(32g*12包/袋)_98_3318_沖泡飲
216,H1-39,《桂格》榖珍紫米紫山藥蓮藕(28g*12包/袋),94 ,3318.00 ,桂格,23.7 ,4.0 ,35.0 ,沖泡飲,素食,336,216_H1-39《桂格》榖珍紫米紫山藥蓮藕(28g*12包/袋)_94_3318_沖泡飲
217,H1-40,《桂格》穀珍山藥百合薏仁(28g*12包/袋),89 ,3318.00 ,桂格,23.7 ,4.0 ,35.0 ,沖泡飲,素食,336,217_H1-40《桂格》穀珍山藥百合薏仁(28g*12包/袋)_89_3318_沖泡飲
218,H1-41,《桂格》穀珍堅果多多-松子堅果(30g*12包/袋),89 ,3318.00 ,桂格,23.7 ,4.0 ,35.0 ,沖泡飲,素食,360,218_H1-41《桂格》穀珍堅果多多-松子堅果(30g*12包/袋)_89_3318_沖泡飲
219,H1-42,《桂格》穀珍堅果多多-堅果芝麻糊(30g*12包/袋),85 ,3318.00 ,桂格,23.7 ,4.0 ,35.0 ,沖泡飲,素食,360,219_H1-42《桂格》穀珍堅果多多-堅果芝麻糊(30g*12包/袋)_85_3318_沖泡飲
220,H1-43,《桂格》穀珍無糖核桃堅果(27g*12包/袋),85 ,3318.00 ,桂格,23.7 ,4.0 ,35.0 ,沖泡飲,素食,324,220_H1-43《桂格》穀珍無糖核桃堅果(27g*12包/袋)_85_3318_沖泡飲
221,H1-44,《桂格》穀珍無糖健康全穀餐(25gx12包/袋),94 ,3318.00 ,桂格,23.7 ,4.0 ,35.0 ,沖泡飲,素食,300,221_H1-44《桂格》穀珍無糖健康全穀餐(25gx12包/袋)_94_3318_沖泡飲
222,H1-45,《桂格》鮮榖王-五種健康豆(38g*10包/袋),86 ,3318.00 ,桂格,23.7 ,4.0 ,35.0 ,沖泡飲,素食,380,222_H1-45《桂格》鮮榖王-五種健康豆(38g*10包/袋)_86_3318_沖泡飲
223,H1-46,《桂格》鮮榖王-五種健康菇(26g*10包/袋),95 ,3318.00 ,桂格,23.7 ,4.0 ,35.0 ,沖泡飲,素食,260,223_H1-46《桂格》鮮榖王-五種健康菇(26g*10包/袋)_95_3318_沖泡飲
224,H1-47,《桂格》鮮榖王-莓果多(30g*10包/袋),86 ,3318.00 ,桂格,23.7 ,4.0 ,35.0 ,沖泡飲,素食,300,224_H1-47《桂格》鮮榖王-莓果多(30g*10包/袋)_86_3318_沖泡飲
225,H1-48,《馬玉山》冰糖杏仁茶(30gx14包/袋),89 ,3696.00 ,馬玉山,24.0 ,5.0 ,30.8 ,沖泡飲,素食,420,225_H1-48《馬玉山》冰糖杏仁茶(30gx14包/袋)_89_3696_沖泡飲
226,H1-49,《馬玉山》高纖山藥多穀蔬菜粥(35g×12pcs(包)),99 ,3696.00 ,馬玉山,24.0 ,5.0 ,30.8 ,沖泡飲,素食,420,226_H1-49《馬玉山》高纖山藥多穀蔬菜粥(35g×12pcs(包))_99_3696_沖泡飲
227,H1-50,《馬玉山》高纖蔬菜胚芽(35gx12包/袋),109 ,3696.00 ,馬玉山,24.0 ,5.0 ,30.8 ,沖泡飲,素食,420,227_H1-50《馬玉山》高纖蔬菜胚芽(35gx12包/袋)_109_3696_沖泡飲
228,H1-51,《馬玉山》黑豆全榖滋養餐(30gx14包/袋),99 ,3696.00 ,馬玉山,24.0 ,5.0 ,30.8 ,沖泡飲,素食,420,228_H1-51《馬玉山》黑豆全榖滋養餐(30gx14包/袋)_99_3696_沖泡飲
229,H1-52,《馬玉山》黑豆多穀養生飲(30g×14pcs(包)),99 ,3696.00 ,馬玉山,24.0 ,5.0 ,30.8 ,沖泡飲,素食,420,229_H1-52《馬玉山》黑豆多穀養生飲(30g×14pcs(包))_99_3696_沖泡飲
230,H1-53,《馬玉山》黑芝麻糊(30g*14包/袋),99 ,3696.00 ,馬玉山,24.0 ,5.0 ,30.8 ,沖泡飲,素食,390,230_H1-53《馬玉山》黑芝麻糊(30g*14包/袋)_99_3696_沖泡飲
231,H1-54,《馬玉山》榛果杏仁茶(30g*13包/袋),96 ,3696.00 ,馬玉山,24.0 ,5.0 ,30.8 ,沖泡飲,素食,420,231_H1-54《馬玉山》榛果杏仁茶(30g*13包/袋)_96_3696_沖泡飲
232,H1-55,《馬玉山》蔬菜多穀麥胚芽(35g×12pcs(包)),109 ,3696.00 ,馬玉山,24.0 ,5.0 ,30.8 ,沖泡飲,素食,420,232_H1-55《馬玉山》蔬菜多穀麥胚芽(35g×12pcs(包))_109_3696_沖泡飲
233,H1-56,《義美》冰糖杏仁茶(30g*14包/袋),119 ,3816.00 ,義美,24.0 ,5.0 ,31.8 ,沖泡飲,素食,420,233_H1-56《義美》冰糖杏仁茶(30g*14包/袋)_119_3816_沖泡飲
234,H1-57,《義美》黑芝麻糊(30g*13包/袋),109 ,3816.00 ,義美,24.0 ,5.0 ,31.8 ,沖泡飲,素食,390,234_H1-57《義美》黑芝麻糊(30g*13包/袋)_109_3816_沖泡飲
235,H1-58,《義美》榛果杏仁茶(30g*13包/袋),109 ,3816.00 ,義美,24.0 ,5.0 ,31.8 ,沖泡飲,素食,390,235_H1-58《義美》榛果杏仁茶(30g*13包/袋)_109_3816_沖泡飲
236,H1-59,《義美》燕麥薏仁漿(30g*14包/袋),110 ,3816.00 ,義美,24.0 ,5.0 ,31.8 ,沖泡飲,素食,420,236_H1-59《義美》燕麥薏仁漿(30g*14包/袋)_110_3816_沖泡飲
237,H1-60,《萬歲牌》元氣堅果飲-杏仁堅果飲(28gx12包/袋),98 ,4356.00 ,萬歲牌,24.0 ,5.5 ,33.0 ,沖泡飲,素食,336,237_H1-60《萬歲牌》元氣堅果飲-杏仁堅果飲(28gx12包/袋)_98_4356_沖泡飲
238,H1-61,《萬歲牌》元氣堅果飲-松子堅果飲(28gx12包/袋),109 ,4356.00 ,萬歲牌,24.0 ,5.5 ,33.0 ,沖泡飲,素食,336,238_H1-61《萬歲牌》元氣堅果飲-松子堅果飲(28gx12包/袋)_109_4356_沖泡飲
239,H1-62,《萬歲牌》元氣堅果飲-芝麻堅果飲(28gx12包/袋),97 ,4356.00 ,萬歲牌,24.0 ,5.5 ,33.0 ,沖泡飲,素食,336,239_H1-62《萬歲牌》元氣堅果飲-芝麻堅果飲(28gx12包/袋)_97_4356_沖泡飲
240,H1-63,《萬歲牌》元氣堅果飲-腰果堅果飲(28gx12包/袋),94 ,4356.00 ,萬歲牌,24.0 ,5.5 ,33.0 ,沖泡飲,素食,336,240_H1-63《萬歲牌》元氣堅果飲-腰果堅果飲(28gx12包/袋)_94_4356_沖泡飲
241,H1-64,《萬歲牌》燕麥堅果飲-海苔昆布燕麥(32g*10包/袋),103 ,4356.00 ,萬歲牌,24.0 ,5.5 ,33.0 ,沖泡飲,素食,320,241_H1-64《萬歲牌》燕麥堅果飲-海苔昆布燕麥(32g*10包/袋)_103_4356_沖泡飲
242,H1-65,《萬歲牌》燕麥堅果飲-堅果纖蔬燕麥(32g*10包/袋),119 ,4356.00 ,萬歲牌,24.0 ,5.5 ,33.0 ,沖泡飲,素食,320,242_H1-65《萬歲牌》燕麥堅果飲-堅果纖蔬燕麥(32g*10包/袋)_119_4356_沖泡飲
243,H1-66,《廣吉》堅果飲-南瓜子紫米(30g*10包),89 ,4174.50 ,廣吉,23.0 ,5.5 ,33.0 ,沖泡飲,素食,300,243_H1-66《廣吉》堅果飲-南瓜子紫米(30g*10包)_89_4174.5_沖泡飲
244,H1-67,《廣吉》堅果飲-夏威夷杏仁(30g*10包/袋),82 ,4174.50 ,廣吉,23.0 ,5.5 ,33.0 ,沖泡飲,素食,300,244_H1-67《廣吉》堅果飲-夏威夷杏仁(30g*10包/袋)_82_4174.5_沖泡飲
245,H1-68,《廣吉》堅果飲-核桃黑五珍(30g*10包/袋),89 ,4174.50 ,廣吉,23.0 ,5.5 ,33.0 ,沖泡飲,素食,300,245_H1-68《廣吉》堅果飲-核桃黑五珍(30g*10包/袋)_89_4174.5_沖泡飲
246,H1-69,《廣吉》堅果飲-腰果山藥(30g*10包),89 ,4174.50 ,廣吉,23.0 ,5.5 ,33.0 ,沖泡飲,素食,300,246_H1-69《廣吉》堅果飲-腰果山藥(30g*10包)_89_4174.5_沖泡飲
247,H1-70,《廣吉》減糖山藥黑豆(30g*10包/袋),95 ,4174.50 ,廣吉,23.0 ,5.5 ,33.0 ,沖泡飲,素食,300,247_H1-70《廣吉》減糖山藥黑豆(30g*10包/袋)_95_4174.5_沖泡飲
248,H1-71,《廣吉》減糖冰糖杏仁(30g*10包/袋),71 ,4174.50 ,廣吉,23.0 ,5.5 ,33.0 ,沖泡飲,素食,300,248_H1-71《廣吉》減糖冰糖杏仁(30g*10包/袋)_71_4174.5_沖泡飲
249,H1-72,《廣吉》減糖黑五珍(30g*10包/袋),69 ,4174.50 ,廣吉,23.0 ,5.5 ,33.0 ,沖泡飲,素食,300,249_H1-72《廣吉》減糖黑五珍(30g*10包/袋)_69_4174.5_沖泡飲
250,H1-73,《廣吉》減糖燕麥薏仁(30g*10包/袋),75 ,4174.50 ,廣吉,23.0 ,5.5 ,33.0 ,沖泡飲,素食,300,250_H1-73《廣吉》減糖燕麥薏仁(30g*10包/袋)_75_4174.5_沖泡飲
251,H1-74,《薌園》山藥薏仁粉(30gX12入/包),79 ,3509.00 ,薌園,22.0 ,5.5 ,29.0 ,沖泡飲,素食,360,251_H1-74《薌園》山藥薏仁粉(30gX12入/包)_79_3509_沖泡飲
252,H1-75,《薌園》仙草龜苓膏(15g*10包/袋),89 ,3509.00 ,薌園,22.0 ,5.5 ,29.0 ,沖泡飲,素食,150,252_H1-75《薌園》仙草龜苓膏(15g*10包/袋)_89_3509_沖泡飲
253,H1-76,《薌園》本草營養豆漿粉(25 公克*36/盒),270 ,3509.00 ,薌園,22.0 ,5.5 ,29.0 ,沖泡飲,素食,900,253_H1-76《薌園》本草營養豆漿粉(25 公克*36/盒)_270_3509_沖泡飲
254,H1-77,《薌園》百合杏仁粉(25g*16包/袋),89 ,3509.00 ,薌園,22.0 ,5.5 ,29.0 ,沖泡飲,素食,400,254_H1-77《薌園》百合杏仁粉(25g*16包/袋)_89_3509_沖泡飲
255,H1-78,《薌園》黑五穀豆漿(25gx12包/袋),89 ,3509.00 ,薌園,22.0 ,5.5 ,29.0 ,沖泡飲,素食,300,255_H1-78《薌園》黑五穀豆漿(25gx12包/袋)_89_3509_沖泡飲
256,H1-79,《薌園》蓮藕芝麻糊(30g*10包/袋),89 ,3509.00 ,薌園,22.0 ,5.5 ,29.0 ,沖泡飲,素食,300,256_H1-79《薌園》蓮藕芝麻糊(30g*10包/袋)_89_3509_沖泡飲
257,I1-1,《愛之味》鮮味脆瓜(170g瓶),30,338.00 ,愛之味,6.5 ,6.5 ,8.0 ,罐頭_瓜,素食,170,257_I1-1《愛之味》鮮味脆瓜(170g瓶)_30_338_罐頭_瓜
258,I1-2,《愛之味》青脆菜心(180g瓶),36,338.00 ,愛之味,6.5 ,6.5 ,8.0 ,罐頭_瓜,素食,180,258_I1-2《愛之味》青脆菜心(180g瓶)_36_338_罐頭_瓜
259,I1-3,《愛之味》壺底蔭瓜(140g罐),35,242.00 ,愛之味,5.5 ,5.5 ,8.0 ,罐頭_瓜,素食,140,259_I1-3《愛之味》壺底蔭瓜(140g罐)_35_242_罐頭_瓜
260,I1-4,《大茂》幼條瓜(170g瓶),28,338.00 ,大茂,6.5 ,6.5 ,8.0 ,罐頭_瓜,素食,360,260_I1-4《大茂》幼條瓜(170g瓶)_28_338_罐頭_瓜
261,I1-5,《大茂》黑瓜(170g瓶),29,338.00 ,大茂,6.5 ,6.5 ,8.0 ,罐頭_瓜,素食,360,261_I1-5《大茂》黑瓜(170g瓶)_29_338_罐頭_瓜
262,I1-6,《大茂》黑瓜(375g/瓶),38,549.25 ,大茂,6.5 ,6.5 ,13.0 ,罐頭_瓜,素食,634,262_I1-6《大茂》黑瓜(375g/瓶)_38_549.25_罐頭_瓜
263,I1-7,《大茂》黑瓜(170g罐),26,269.50 ,大茂,7.0 ,7.0 ,5.5 ,罐頭_瓜,素食,360,263_I1-7《大茂》黑瓜(170g罐)_26_269.5_罐頭_瓜
264,I1-8,《大茂》蔭瓜(120g瓶),30,257.13 ,大茂,5.5 ,5.5 ,8.5 ,罐頭_瓜,素食,120,264_I1-8《大茂》蔭瓜(120g瓶)_30_257.125_罐頭_瓜
265,I1-9,《大茂》菜心(375g/瓶),45,549.25 ,大茂,6.5 ,6.5 ,13.0 ,罐頭_瓜,素食,634,265_I1-9《大茂》菜心(375g/瓶)_45_549.25_罐頭_瓜
266,I1-10,《大茂》幼條瓜(375g/瓶),45,549.25 ,大茂,6.5 ,6.5 ,13.0 ,罐頭_瓜,素食,634,266_I1-10《大茂》幼條瓜(375g/瓶)_45_549.25_罐頭_瓜
267,I1-11,《金蘭》香菇素瓜仔肉(370g瓶),45,549.25 ,金蘭,6.5 ,6.5 ,13.0 ,罐頭_瓜,素食,370,267_I1-11《金蘭》香菇素瓜仔肉(370g瓶)_45_549.25_罐頭_瓜
268,I1-12,《金蘭》小菜心(396g瓶),48,549.25 ,金蘭,6.5 ,6.5 ,13.0 ,罐頭_瓜,素食,396,268_I1-12《金蘭》小菜心(396g瓶)_48_549.25_罐頭_瓜
269,I1-13,《金蘭》脆瓜(396g瓶),35,549.25 ,金蘭,6.5 ,6.5 ,13.0 ,罐頭_瓜,素食,396,269_I1-13《金蘭》脆瓜(396g瓶)_35_549.25_罐頭_瓜
270,I1-14,《飯友》素瓜仔肉(150g罐),26,289.00 ,飯友,8.5 ,8.5 ,4.0 ,罐頭_瓜,素食,150,270_I1-14《飯友》素瓜仔肉(150g罐)_26_289_罐頭_瓜
271,I2-1,《同榮》豆鼓紅燒鰻(100g),32,220.50 ,同榮,10.5 ,7.0 ,3.0 ,罐頭_魚,葷食,100,271_I2-1《同榮》豆鼓紅燒鰻(100g)_32_220.5_罐頭_魚
272,I2-2,《同榮》紅燒鰻(一般蓋)(100g),32,220.50 ,同榮,10.5 ,7.0 ,3.0 ,罐頭_魚,葷食,100,272_I2-2《同榮》紅燒鰻(一般蓋)(100g)_32_220.5_罐頭_魚
273,I2-3,《同榮》豆鼓紅燒鰻易開罐(100g),34,220.50 ,同榮,10.5 ,7.0 ,3.0 ,罐頭_魚,葷食,100,273_I2-3《同榮》豆鼓紅燒鰻易開罐(100g)_34_220.5_罐頭_魚
274,I2-4,《同榮》特選燒鰻-易開罐(100g),34,252.00 ,同榮,12.0 ,7.0 ,3.0 ,罐頭_魚,葷食,100,274_I2-4《同榮》特選燒鰻-易開罐(100g)_34_252_罐頭_魚
275,I2-5,《同榮》辣味燒饅(100g),36,220.50 ,同榮,10.5 ,7.0 ,3.0 ,罐頭_魚,葷食,100,275_I2-5《同榮》辣味燒饅(100g)_36_220.5_罐頭_魚
276,I2-6,《新東陽》海捕辣味香酥鰻(100g),34,225.00 ,新東陽,10.0 ,7.5 ,3.0 ,罐頭_魚,葷食,100,276_I2-6《新東陽》海捕辣味香酥鰻(100g)_34_225_罐頭_魚
277,I2-7,《新東陽》新東陽海捕豆鼓香酥鰻(100g),39,225.00 ,新東陽,10.0 ,7.5 ,3.0 ,罐頭_魚,葷食,100,277_I2-7《新東陽》新東陽海捕豆鼓香酥鰻(100g)_39_225_罐頭_魚
278,I2-8,《新東陽》海捕紅燒香酥鰻(100g),34,225.00 ,新東陽,10.0 ,7.5 ,3.0 ,罐頭_魚,葷食,100,278_I2-8《新東陽》海捕紅燒香酥鰻(100g)_34_225_罐頭_魚
279,I2-9,《東和》好媽媽紅燒鰻組(100g),42,225.00 ,東和,10.0 ,7.5 ,3.0 ,罐頭_魚,葷食,100,279_I2-9《東和》好媽媽紅燒鰻組(100g)_42_225_罐頭_魚
280,I2-10,《東和》特製豆鼓紅燒鰻(100g),39,225.00 ,東和,10.0 ,7.5 ,3.0 ,罐頭_魚,葷食,100,280_I2-10《東和》特製豆鼓紅燒鰻(100g)_39_225_罐頭_魚
281,I2-11,《老船長》紅燒鰻(辣味)(100g),36,225.00 ,老船長,10.0 ,7.5 ,3.0 ,罐頭_魚,葷食,100,281_I2-11《老船長》紅燒鰻(辣味)(100g)_36_225_罐頭_魚
282,I2-12,《老船長》紅燒鰻-易開罐(100g),34,225.00 ,老船長,10.0 ,7.5 ,3.0 ,罐頭_魚,葷食,100,282_I2-12《老船長》紅燒鰻-易開罐(100g)_34_225_罐頭_魚
283,I2-13,《老船長》豆鼓鰻-易開罐(100g),31,225.00 ,老船長,10.0 ,7.5 ,3.0 ,罐頭_魚,葷食,100,283_I2-13《老船長》豆鼓鰻-易開罐(100g)_31_225_罐頭_魚
284,I2-14,《台糖》香辣紅燒鰻(100g),32,225.00 ,台糖,10.0 ,7.5 ,3.0 ,罐頭_魚,葷食,100,284_I2-14《台糖》香辣紅燒鰻(100g)_32_225_罐頭_魚
285,I2-15,《台糖》豆豉紅燒鰻魚(100g),38,225.00 ,台糖,10.0 ,7.5 ,3.0 ,罐頭_魚,葷食,100,285_I2-15《台糖》豆豉紅燒鰻魚(100g)_38_225_罐頭_魚
286,I2-16,《台糖》紅燒饅(100g),33,225.00 ,台糖,10.0 ,7.5 ,3.0 ,罐頭_魚,葷食,100,286_I2-16《台糖》紅燒饅(100g)_33_225_罐頭_魚
287,I2-17,《紅鷹牌》日式蒲燒鰻(100g),39,225.00 ,紅鷹牌,10.0 ,7.5 ,3.0 ,罐頭_魚,葷食,100,287_I2-17《紅鷹牌》日式蒲燒鰻(100g)_39_225_罐頭_魚
288,I2-18,《紅鷹牌》紅燒鰻-易開罐(100g),38,225.00 ,紅鷹牌,10.0 ,7.5 ,3.0 ,罐頭_魚,葷食,100,288_I2-18《紅鷹牌》紅燒鰻-易開罐(100g)_38_225_罐頭_魚
289,I2-19,《紅鷹牌》香辣紅燒鰻(100g),39,225.00 ,紅鷹牌,10.0 ,7.5 ,3.0 ,罐頭_魚,葷食,100,289_I2-19《紅鷹牌》香辣紅燒鰻(100g)_39_225_罐頭_魚
290,I2-20,《紅鷹牌》豆鼓鰻-易開罐(100g),38,225.00 ,紅鷹牌,10.0 ,7.5 ,3.0 ,罐頭_魚,葷食,100,290_I2-20《紅鷹牌》豆鼓鰻-易開罐(100g)_38_225_罐頭_魚
291,I2-21,《遠洋》鮪魚片(110g),30,196.88 ,遠洋,7.5 ,7.5 ,3.5 ,罐頭_魚,葷食,110,291_I2-21《遠洋》鮪魚片(110g)_30_196.875_罐頭_魚
292,I2-22,《遠洋》玉米鮪魚三明治(110g),31,196.88 ,遠洋,7.5 ,7.5 ,3.5 ,罐頭_魚,葷食,110,292_I2-22《遠洋》玉米鮪魚三明治(110g)_31_196.875_罐頭_魚
293,I2-23,《遠洋》三明治鮪魚(110g),33,196.88 ,遠洋,7.5 ,7.5 ,3.5 ,罐頭_魚,葷食,110,293_I2-23《遠洋》三明治鮪魚(110g)_33_196.875_罐頭_魚
294,I2-24,《遠洋》鮪魚片(185g),38,288.00 ,遠洋,8.0 ,8.0 ,4.5 ,罐頭_魚,葷食,185,294_I2-24《遠洋》鮪魚片(185g)_38_288_罐頭_魚
295,I2-25,《遠洋》鮪魚片-水煮(185g),45,288.00 ,遠洋,8.0 ,8.0 ,4.5 ,罐頭_魚,葷食,185,295_I2-25《遠洋》鮪魚片-水煮(185g)_45_288_罐頭_魚
296,I2-26,《遠洋》鮪魚罐-水煮(90g),33,147.88 ,遠洋,6.5 ,6.5 ,3.5 ,罐頭_魚,葷食,90,296_I2-26《遠洋》鮪魚罐-水煮(90g)_33_147.875_罐頭_魚
297,I2-27,《遠洋》馬鈴薯鮪魚(110g),35,196.88 ,遠洋,7.5 ,7.5 ,3.5 ,罐頭_魚,葷食,110,297_I2-27《遠洋》馬鈴薯鮪魚(110g)_35_196.875_罐頭_魚
298,I2-28,《遠洋》脆筍鮪魚(175g),41,288.00 ,遠洋,8.0 ,8.0 ,4.5 ,罐頭_魚,葷食,175,298_I2-28《遠洋》脆筍鮪魚(175g)_41_288_罐頭_魚
299,I2-29,《遠洋》碳烤鮪魚(110g),33,196.88 ,遠洋,7.5 ,7.5 ,3.5 ,罐頭_魚,葷食,110,299_I2-29《遠洋》碳烤鮪魚(110g)_33_196.875_罐頭_魚
300,I2-30,《紅鷹牌》海底雞水煮(170g),55,225.00 ,紅鷹牌,7.5 ,7.5 ,4.0 ,罐頭_魚,葷食,170,300_I2-30《紅鷹牌》海底雞水煮(170g)_55_225_罐頭_魚
301,I2-31,《紅鷹牌》海底雞(170g),51,225.00 ,紅鷹牌,7.5 ,7.5 ,4.0 ,罐頭_魚,葷食,170,301_I2-31《紅鷹牌》海底雞(170g)_51_225_罐頭_魚
302,I2-32,《同榮》鮪魚(185g),54,225.00 ,同榮,7.5 ,7.5 ,4.0 ,罐頭_魚,葷食,185,302_I2-32《同榮》鮪魚(185g)_54_225_罐頭_魚
303,I2-33,《同榮》香筍鮪魚(170g),37,225.00 ,同榮,7.5 ,7.5 ,4.0 ,罐頭_魚,葷食,170,303_I2-33《同榮》香筍鮪魚(170g)_37_225_罐頭_魚
304,I2-34,《東和》好媽媽鮮撈鮪魚片(150g),48,196.88 ,東和,7.5 ,7.5 ,3.5 ,罐頭_魚,葷食,150,304_I2-34《東和》好媽媽鮮撈鮪魚片(150g)_48_196.875_罐頭_魚
305,I2-35,《東和》好媽媽纖麗鮪魚片(150g),48,196.88 ,東和,7.5 ,7.5 ,3.5 ,罐頭_魚,葷食,150,305_I2-35《東和》好媽媽纖麗鮪魚片(150g)_48_196.875_罐頭_魚
306,I3-1,《大茂》幼筍(170g瓶),26,269.50 ,大茂,7.0 ,7.0 ,5.5 ,罐頭_筍菇,素食,170,306_I3-1《大茂》幼筍(170g瓶)_26_269.5_罐頭_筍菇
307,I3-2,《大茂》幼筍(350g瓶),42,549.25 ,大茂,6.5 ,6.5 ,13.0 ,罐頭_筍菇,素食,350,307_I3-2《大茂》幼筍(350g瓶)_42_549.25_罐頭_筍菇
308,I3-3,《愛之味》珍保玉筍(120g瓶),34,257.13 ,愛之味,5.5 ,5.5 ,8.5 ,罐頭_筍菇,素食,120,308_I3-3《愛之味》珍保玉筍(120g瓶)_34_257.125_罐頭_筍菇
309,I3-4,《金蘭》筍茸(340g瓶),45,549.25 ,金蘭,6.5 ,6.5 ,13.0 ,罐頭_筍菇,素食,340,309_I3-4《金蘭》筍茸(340g瓶)_45_549.25_罐頭_筍菇
310,I3-5,《飯友》紅燜筍尖(150g),26,289.00 ,飯友,8.5 ,8.5 ,4.0 ,罐頭_筍菇,素食,150,310_I3-5《飯友》紅燜筍尖(150g)_26_289_罐頭_筍菇
311,I3-6,《飯友》珍菇(150g罐),23,289.00 ,飯友,8.5 ,8.5 ,4.0 ,罐頭_筍菇,素食,150,311_I3-6《飯友》珍菇(150g罐)_23_289_罐頭_筍菇
312,I3-7,《飯友》草菇(425g罐),30,646.88 ,飯友,7.5 ,7.5 ,11.5 ,罐頭_筍菇,素食,425,312_I3-7《飯友》草菇(425g罐)_30_646.875_罐頭_筍菇
313,I4-1,《台糖》安心豚豬肉醬-五香(160g*3罐/組),128,867.00 ,台糖,25.5 ,8.5 ,4.0 ,罐頭_肉醬_多入裝,葷食,480,313_I4-1《台糖》安心豚豬肉醬-五香(160g*3罐/組)_128_867_罐頭_肉醬_多入裝
314,I4-2,《台糖》安心豚豬肉醬-香辣(160g*3罐/組),128,867.00 ,台糖,25.5 ,8.5 ,4.0 ,罐頭_肉醬_多入裝,葷食,480,314_I4-2《台糖》安心豚豬肉醬-香辣(160g*3罐/組)_128_867_罐頭_肉醬_多入裝
315,I4-3,《青葉》大嚕肉飯(150*3罐/組),72,843.75 ,青葉,22.5 ,7.5 ,5.0 ,罐頭_肉醬_多入裝,葷食,450,315_I4-3《青葉》大嚕肉飯(150*3罐/組)_72_843.75_罐頭_肉醬_多入裝
316,I4-4,《統一》肉燥風味醬(737g/罐),195,4356.00 ,統一,33.0 ,11.0 ,12.0 ,罐頭_肉醬_多入裝,葷食,737,316_I4-4《統一》肉燥風味醬(737g/罐)_195_4356_罐頭_肉醬_多入裝
317,I4-5,《新東陽》原味肉醬(160g*3罐/組),105,843.75 ,新東陽,22.5 ,7.5 ,5.0 ,罐頭_肉醬_多入裝,葷食,480,317_I4-5《新東陽》原味肉醬(160g*3罐/組)_105_843.75_罐頭_肉醬_多入裝
318,I4-6,《新東陽》辣味肉醬(160g*3罐/組),110,843.75 ,新東陽,22.5 ,7.5 ,5.0 ,罐頭_肉醬_多入裝,葷食,480,318_I4-6《新東陽》辣味肉醬(160g*3罐/組)_110_843.75_罐頭_肉醬_多入裝
319,I4-7,《遠洋》嘉義雞肉飯料(110g*3罐/組),93,590.63 ,遠洋,22.5 ,7.5 ,3.5 ,罐頭_肉醬_多入裝,葷食,330,319_I4-7《遠洋》嘉義雞肉飯料(110g*3罐/組)_93_590.625_罐頭_肉醬_多入裝
320,I4-8,《廣達香》香辣肉醬(160g*3罐/組),111,843.75 ,廣達香,22.5 ,7.5 ,5.0 ,罐頭_肉醬_多入裝,葷食,480,320_I4-8《廣達香》香辣肉醬(160g*3罐/組)_111_843.75_罐頭_肉醬_多入裝
321,I5-1,《大茂》大土豆麵筋(170g*3罐),69,808.50 ,大茂,21.0 ,7.0 ,5.5 ,罐頭_麵筋_多入裝,素食,510,321_I5-1《大茂》大土豆麵筋(170g*3罐)_69_808.5_罐頭_麵筋_多入裝
322,I5-2,《金蘭》花生麵筋(380g*2 瓶/組),99,1098.50 ,金蘭,13.0 ,6.5 ,13.0 ,罐頭_麵筋_多入裝,素食,760,322_I5-2《金蘭》花生麵筋(380g*2 瓶/組)_99_1098.5_罐頭_麵筋_多入裝
323,I5-3,《金蘭》香菇麵筋(380g*2 瓶/組),97,1098.50 ,金蘭,13.0 ,6.5 ,13.0 ,罐頭_麵筋_多入裝,素食,760,323_I5-3《金蘭》香菇麵筋(380g*2 瓶/組)_97_1098.5_罐頭_麵筋_多入裝
324,I5-4,《青葉》土豆麵筋(170g*3罐/組),55,539.00 ,青葉,14.0 ,7.0 ,5.5 ,罐頭_麵筋_多入裝,素食,510,324_I5-4《青葉》土豆麵筋(170g*3罐/組)_55_539_罐頭_麵筋_多入裝
325,I5-5,《青葉》超Ｑ麵筋(170g*3罐/組),55,539.00 ,青葉,14.0 ,7.0 ,5.5 ,罐頭_麵筋_多入裝,素食,510,325_I5-5《青葉》超Ｑ麵筋(170g*3罐/組)_55_539_罐頭_麵筋_多入裝
326,I5-6,《冠軍》花生麵筋(170公克*3罐/組),58,808.50 ,冠軍,21.0 ,7.0 ,5.5 ,罐頭_麵筋_多入裝,素食,510,326_I5-6《冠軍》花生麵筋(170公克*3罐/組)_58_808.5_罐頭_麵筋_多入裝
327,I5-7,《飯友》金菇麵筋(150g*3),69,867.00 ,飯友,25.5 ,8.5 ,4.0 ,罐頭_麵筋_多入裝,素食,450,327_I5-7《飯友》金菇麵筋(150g*3)_69_867_罐頭_麵筋_多入裝
328,I5-8,《飯友》飯友開味三寶(150g*3罐/組),70,867.00 ,飯友,25.5 ,8.5 ,4.0 ,罐頭_麵筋_多入裝,素食,450,328_I5-8《飯友》飯友開味三寶(150g*3罐/組)_70_867_罐頭_麵筋_多入裝
329,I5-9,《愛之味》土豆麵筋(170g*3罐/組),95,1176.00 ,愛之味,21.0 ,7.0 ,8.0 ,罐頭_麵筋_多入裝,素食,510,329_I5-9《愛之味》土豆麵筋(170g*3罐/組)_95_1176_罐頭_麵筋_多入裝
330,J1-1,《大西洋》蘋果西打(2000ml罐),40,3569.50 ,大西洋,11.0 ,11.0 ,29.5 ,飲料_汽水_家庭號,素食,2000,330_J1-1《大西洋》蘋果西打(2000ml罐)_40_3569.5_飲料_汽水_家庭號
331,J1-2,《可口可樂》原味(2000ml罐),41,3000.00 ,可口可樂,10.0 ,10.0 ,30.0 ,飲料_汽水_家庭號,素食,2000,331_J1-2《可口可樂》原味(2000ml罐)_41_3000_飲料_汽水_家庭號
332,J1-3,《可口可樂》Zero(2000ml罐),41,3000.00 ,可口可樂,10.0 ,10.0 ,30.0 ,飲料_汽水_家庭號,素食,2000,332_J1-3《可口可樂》Zero(2000ml罐)_41_3000_飲料_汽水_家庭號
333,J1-4,《可口可樂》香草(2000ml罐),41,3000.00 ,可口可樂,10.0 ,10.0 ,30.0 ,飲料_汽水_家庭號,素食,2000,333_J1-4《可口可樂》香草(2000ml罐)_41_3000_飲料_汽水_家庭號
334,J1-5,《芬達》橘子汽水(2000ml罐),41,2950.00 ,可口可樂,10.0 ,10.0 ,29.5 ,飲料_汽水_家庭號,素食,2000,334_J1-5《芬達》橘子汽水(2000ml罐)_41_2950_飲料_汽水_家庭號
335,J1-6,《雪碧》汽水(2000ml瓶),41,3000.00 ,可口可樂,10.0 ,10.0 ,30.0 ,飲料_汽水_家庭號,素食,2000,335_J1-6《雪碧》汽水(2000ml瓶)_41_3000_飲料_汽水_家庭號
336,J1-7,《百事》可樂(2000ml罐),39,3569.50 ,百事,11.0 ,11.0 ,29.5 ,飲料_汽水_家庭號,素食,2000,336_J1-7《百事》可樂(2000ml罐)_39_3569.5_飲料_汽水_家庭號
337,J1-8,《金車》奧利多水(2000ml罐),34,3569.50 ,金車,11.0 ,11.0 ,29.5 ,飲料_汽水_家庭號,素食,2000,337_J1-8《金車》奧利多水(2000ml罐)_34_3569.5_飲料_汽水_家庭號
338,J1-9,《黑松》沙士(2000ml罐),42,3569.50 ,黑松,11.0 ,11.0 ,29.5 ,飲料_汽水_家庭號,素食,2000,338_J1-9《黑松》沙士(2000ml罐)_42_3569.5_飲料_汽水_家庭號
339,J1-10,《黑松》沙士-加鹽(2000ml罐),42,3569.50 ,黑松,11.0 ,11.0 ,29.5 ,飲料_汽水_家庭號,素食,2000,339_J1-10《黑松》沙士-加鹽(2000ml罐)_42_3569.5_飲料_汽水_家庭號
340,J1-11,《黑松》汽水(2000ml罐),42,3569.50 ,黑松,11.0 ,11.0 ,29.5 ,飲料_汽水_家庭號,素食,2000,340_J1-11《黑松》汽水(2000ml罐)_42_3569.5_飲料_汽水_家庭號
341,J1-12,《維大力》汽水(2000ml罐),37,3569.50 ,維大力,11.0 ,11.0 ,29.5 ,飲料_汽水_家庭號,素食,2000,341_J1-12《維大力》汽水(2000ml罐)_37_3569.5_飲料_汽水_家庭號
342,J1-13,《維他露P》汽水(2000ml罐),37,3569.50 ,維他露P,11.0 ,11.0 ,29.5 ,飲料_汽水_家庭號,素食,2000,342_J1-13《維他露P》汽水(2000ml罐)_37_3569.5_飲料_汽水_家庭號
343,J1-14,《古道》 百香綠茶 (2000ml/瓶),38,2700.00 ,真口味食品,10.0 ,9.0 ,30.0 ,飲料_汽水_家庭號,素食,2000,343_J1-14《古道》 百香綠茶 (2000ml/瓶)_38_2700_飲料_汽水_家庭號
344,J1-15,《古道》 綠茶-茉莉香 (2000ml/瓶),38,2700.00 ,真口味食品,10.0 ,9.0 ,30.0 ,飲料_汽水_家庭號,素食,2000,344_J1-15《古道》 綠茶-茉莉香 (2000ml/瓶)_38_2700_飲料_汽水_家庭號
345,J1-16,《古道》 梅子綠茶 (2000ml/瓶),35,2700.00 ,真口味食品,10.0 ,9.0 ,30.0 ,飲料_汽水_家庭號,素食,2000,345_J1-16《古道》 梅子綠茶 (2000ml/瓶)_35_2700_飲料_汽水_家庭號
346,J1-17,《悅氏》 日式綠茶-無糖 (2000ml/瓶),34,2422.50 ,名牌食品,9.5 ,8.5 ,30.0 ,飲料_汽水_家庭號,素食,2000,346_J1-17《悅氏》 日式綠茶-無糖 (2000ml/瓶)_34_2422.5_飲料_汽水_家庭號
347,J1-18,《悅氏》 油切綠茶 (2000ml/瓶),34,2422.50 ,名牌食品,9.5 ,8.5 ,30.0 ,飲料_汽水_家庭號,素食,2000,347_J1-18《悅氏》 油切綠茶 (2000ml/瓶)_34_2422.5_飲料_汽水_家庭號
348,J1-19,《悅氏》 梅子綠茶 (2000ml/瓶),34,2422.50 ,名牌食品,9.5 ,8.5 ,30.0 ,飲料_汽水_家庭號,素食,2000,348_J1-19《悅氏》 梅子綠茶 (2000ml/瓶)_34_2422.5_飲料_汽水_家庭號
349,J1-20,《悅氏》 茶花綠茶 (2000ml/瓶),34,2422.50 ,名牌食品,9.5 ,8.5 ,30.0 ,飲料_汽水_家庭號,素食,2000,349_J1-20《悅氏》 茶花綠茶 (2000ml/瓶)_34_2422.5_飲料_汽水_家庭號
350,J1-21,《悅氏》 礦泉綠茶 (2000ml/瓶),33,2422.50 ,名牌食品,9.5 ,8.5 ,30.0 ,飲料_汽水_家庭號,素食,2000,350_J1-21《悅氏》 礦泉綠茶 (2000ml/瓶)_33_2422.5_飲料_汽水_家庭號
351,J1-22,《悅氏》 檸檬紅茶 (2000ml/瓶),34,2422.50 ,名牌食品,9.5 ,8.5 ,30.0 ,飲料_汽水_家庭號,素食,2000,351_J1-22《悅氏》 檸檬紅茶 (2000ml/瓶)_34_2422.5_飲料_汽水_家庭號
352,J1-23,《悅氏》 礦泉黃金烏龍茶-無糖 (2000ml/瓶),34,2422.50 ,名牌食品,9.5 ,8.5 ,30.0 ,飲料_汽水_家庭號,素食,2000,352_J1-23《悅氏》 礦泉黃金烏龍茶-無糖 (2000ml/瓶)_34_2422.5_飲料_汽水_家庭號
353,J1-24,《悅氏》 白毫烏龍茶 (2000ml/瓶),34,2422.50 ,名牌食品,9.5 ,8.5 ,30.0 ,飲料_汽水_家庭號,素食,2000,353_J1-24《悅氏》 白毫烏龍茶 (2000ml/瓶)_34_2422.5_飲料_汽水_家庭號
354,J1-25,《悅氏》 青草茶 (2000ml/瓶),34,2422.50 ,名牌食品,9.5 ,8.5 ,30.0 ,飲料_汽水_家庭號,素食,2000,354_J1-25《悅氏》 青草茶 (2000ml/瓶)_34_2422.5_飲料_汽水_家庭號
355,J1-26,《悅氏》 麥仔茶 (2000ml/瓶),34,2422.50 ,名牌食品,9.5 ,8.5 ,30.0 ,飲料_汽水_家庭號,素食,2000,355_J1-26《悅氏》 麥仔茶 (2000ml/瓶)_34_2422.5_飲料_汽水_家庭號
356,J2-1,《泰山》八寶粥(375*6罐/組),133,2592.00 ,泰山,18.0 ,12.0 ,12.0 ,飲料_甜品_多入裝,素食,2250,356_J2-1《泰山》八寶粥(375*6罐/組)_133_2592_飲料_甜品_多入裝
357,J2-2,《泰山》仙草蜜(330gx6罐/組),82,2592.00 ,泰山,18.0 ,12.0 ,12.0 ,飲料_甜品_多入裝,素食,1980,357_J2-2《泰山》仙草蜜(330gx6罐/組)_82_2592_飲料_甜品_多入裝
358,J2-3,《泰山》台灣花生湯(330gx6入//組),161,2592.00 ,泰山,18.0 ,12.0 ,12.0 ,飲料_甜品_多入裝,素食,1980,358_J2-3《泰山》台灣花生湯(330gx6入//組)_161_2592_飲料_甜品_多入裝
359,J2-4,《泰山》花生仁湯(320g*6罐/組),159,2592.00 ,泰山,18.0 ,12.0 ,12.0 ,飲料_甜品_多入裝,素食,1920,359_J2-4《泰山》花生仁湯(320g*6罐/組)_159_2592_飲料_甜品_多入裝
360,J2-5,《泰山》珍珠薏仁饌(330g*6罐/組),153,2592.00 ,泰山,18.0 ,12.0 ,12.0 ,飲料_甜品_多入裝,素食,1980,360_J2-5《泰山》珍珠薏仁饌(330g*6罐/組)_153_2592_飲料_甜品_多入裝
361,J2-6,《泰山》紅八寶(340gx6罐/組),154,2592.00 ,泰山,18.0 ,12.0 ,12.0 ,飲料_甜品_多入裝,素食,2040,361_J2-6《泰山》紅八寶(340gx6罐/組)_154_2592_飲料_甜品_多入裝
362,J2-7,《泰山》泰山仙草凍255g*6,130,2592.00 ,泰山,18.0 ,12.0 ,12.0 ,飲料_甜品_多入裝,素食,1530,362_J2-7《泰山》泰山仙草凍255g*6_130_2592_飲料_甜品_多入裝
363,J2-8,《泰山》紫米紅豆湯(330g*6罐/組),149,2592.00 ,泰山,18.0 ,12.0 ,12.0 ,飲料_甜品_多入裝,素食,1980,363_J2-8《泰山》紫米紅豆湯(330g*6罐/組)_149_2592_飲料_甜品_多入裝
364,J2-9,《泰山》紫米薏仁八寶粥(255g*6罐/組),131,2592.00 ,泰山,18.0 ,12.0 ,12.0 ,飲料_甜品_多入裝,素食,1530,364_J2-9《泰山》紫米薏仁八寶粥(255g*6罐/組)_131_2592_飲料_甜品_多入裝
365,J2-10,《泰山》黑八寶(340g*6罐/組),130,2592.00 ,泰山,18.0 ,12.0 ,12.0 ,飲料_甜品_多入裝,素食,2040,365_J2-10《泰山》黑八寶(340g*6罐/組)_130_2592_飲料_甜品_多入裝
366,J2-11,《泰山》綠豆椰果湯(330g*6罐/組),135,2592.00 ,泰山,18.0 ,12.0 ,12.0 ,飲料_甜品_多入裝,素食,1980,366_J2-11《泰山》綠豆椰果湯(330g*6罐/組)_135_2592_飲料_甜品_多入裝
367,J2-12,《愛之味》丹東紅御膳貢粥(340gx6罐組),155,2592.00 ,愛之味,18.0 ,12.0 ,12.0 ,飲料_甜品_多入裝,素食,2040,367_J2-12《愛之味》丹東紅御膳貢粥(340gx6罐組)_155_2592_飲料_甜品_多入裝
368,J2-13,《愛之味》牛奶花生(340g*6罐/組),179,2592.00 ,愛之味,18.0 ,12.0 ,12.0 ,飲料_甜品_多入裝,素食,2040,368_J2-13《愛之味》牛奶花生(340g*6罐/組)_179_2592_飲料_甜品_多入裝
369,J2-14,《愛之味》妞妞紅豆粉粿(260gx6罐/組),125,2408.25 ,愛之味,19.5 ,13.0 ,9.5 ,飲料_甜品_多入裝,素食,1560,369_J2-14《愛之味》妞妞紅豆粉粿(260gx6罐/組)_125_2408.25_飲料_甜品_多入裝
370,J2-15,《愛之味》妞妞甜八寶(260g*6罐/組),125,2408.25 ,愛之味,19.5 ,13.0 ,9.5 ,飲料_甜品_多入裝,素食,1560,370_J2-15《愛之味》妞妞甜八寶(260g*6罐/組)_125_2408.25_飲料_甜品_多入裝
371,J2-16,《愛之味》沖繩黑八寶(340g*6瓶/組),151,2592.00 ,愛之味,18.0 ,12.0 ,12.0 ,飲料_甜品_多入裝,素食,2040,371_J2-16《愛之味》沖繩黑八寶(340g*6瓶/組)_151_2592_飲料_甜品_多入裝
372,J2-17,《愛之味》甜八寶(380gx6罐/組),130,2592.00 ,愛之味,18.0 ,12.0 ,12.0 ,飲料_甜品_多入裝,素食,2280,372_J2-17《愛之味》甜八寶(380gx6罐/組)_130_2592_飲料_甜品_多入裝
373,J2-18,《愛之味》綠豆意人爽(340gx6罐/組),172,2592.00 ,愛之味,18.0 ,12.0 ,12.0 ,飲料_甜品_多入裝,素食,2040,373_J2-18《愛之味》綠豆意人爽(340gx6罐/組)_172_2592_飲料_甜品_多入裝
374,J2-19,《愛之味》薏仁寶(340g*6罐/組),172,2592.00 ,愛之味,18.0 ,12.0 ,12.0 ,飲料_甜品_多入裝,素食,2040,374_J2-19《愛之味》薏仁寶(340g*6罐/組)_172_2592_飲料_甜品_多入裝
375,J2-20,《午后時光》王室阿薩姆奶茶?(250ml*6包/組),51,1704.68 ,午后時光,19.1 ,10.5 ,8.5 ,飲料_甜品_多入裝,素食,1637,375_J2-20《午后時光》王室阿薩姆奶茶?(250ml*6包/組)_51_1704.675_飲料_甜品_多入裝
376,J2-21,《午后時光》奶香烏龍?(250mlx6包/組),49,1824.00 ,午后時光,19.0 ,8.0 ,12.0 ,飲料_甜品_多入裝,素食,1637,376_J2-21《午后時光》奶香烏龍?(250mlx6包/組)_49_1824_飲料_甜品_多入裝
377,J2-22,《午后時光》奶香綠茶?(250mlx6包/組),43,1824.00 ,午后時光,19.0 ,8.0 ,12.0 ,飲料_甜品_多入裝,素食,1637,377_J2-22《午后時光》奶香綠茶?(250mlx6包/組)_43_1824_飲料_甜品_多入裝
378,J2-23,《生活》泡沫百香綠茶?(250mlx6包/組),38 ,1824.00 ,生活,19.0 ,8.0 ,12.0 ,飲料_甜品_多入裝,素食,1637,378_J2-23《生活》泡沫百香綠茶?(250mlx6包/組)_38_1824_飲料_甜品_多入裝
379,J2-24,《生活》泡沫花茶?(250mlx6包/組),38 ,1824.00 ,生活,19.0 ,8.0 ,12.0 ,飲料_甜品_多入裝,素食,1637,379_J2-24《生活》泡沫花茶?(250mlx6包/組)_38_1824_飲料_甜品_多入裝
380,J2-25,《生活》泡沫紅茶?(250mlx6包/組),48 ,1824.00 ,生活,19.0 ,8.0 ,12.0 ,飲料_甜品_多入裝,素食,1637,380_J2-25《生活》泡沫紅茶?(250mlx6包/組)_48_1824_飲料_甜品_多入裝
381,J2-26,《生活》泡沫綠茶?(250mlx6包/組),49 ,1824.00 ,生活,19.0 ,8.0 ,12.0 ,飲料_甜品_多入裝,素食,1637,381_J2-26《生活》泡沫綠茶?(250mlx6包/組)_49_1824_飲料_甜品_多入裝
382,J2-27,《生活》泡沫綠茶?(250mlx6包/組),49 ,1824.00 ,生活,19.0 ,8.0 ,12.0 ,飲料_甜品_多入裝,素食,1637,382_J2-27《生活》泡沫綠茶?(250mlx6包/組)_49_1824_飲料_甜品_多入裝
383,J2-28,《立頓》奶茶?(250mlx6包/組),45 ,1824.00 ,立頓,19.0 ,8.0 ,12.0 ,飲料_甜品_多入裝,素食,1637,383_J2-28《立頓》奶茶?(250mlx6包/組)_45_1824_飲料_甜品_多入裝
384,J2-29,《立頓》奶茶巧克力?(250mlx6包/組),43 ,1824.00 ,立頓,19.0 ,8.0 ,12.0 ,飲料_甜品_多入裝,素食,1637,384_J2-29《立頓》奶茶巧克力?(250mlx6包/組)_43_1824_飲料_甜品_多入裝
385,J2-30,《立頓》鮮漾奶綠?(250mlx6包/組),43 ,1824.00 ,立頓,19.0 ,8.0 ,12.0 ,飲料_甜品_多入裝,素食,1637,385_J2-30《立頓》鮮漾奶綠?(250mlx6包/組)_43_1824_飲料_甜品_多入裝
386,J2-31,《立頓》檸檬茶?(250mlx6包/組),41 ,1824.00 ,立頓,19.0 ,8.0 ,12.0 ,飲料_甜品_多入裝,素食,1637,386_J2-31《立頓》檸檬茶?(250mlx6包/組)_41_1824_飲料_甜品_多入裝
387,J2-32,《光泉》正庄冬瓜茶?(250ml*6包/組),56 ,1824.00 ,光泉,19.0 ,8.0 ,12.0 ,飲料_甜品_多入裝,素食,1637,387_J2-32《光泉》正庄冬瓜茶?(250ml*6包/組)_56_1824_飲料_甜品_多入裝
388,J2-33,《光泉》茉莉茶園-茉香柚茶?(245ml*6包/組),42 ,1824.00 ,光泉,19.0 ,8.0 ,12.0 ,飲料_甜品_多入裝,素食,1626,388_J2-33《光泉》茉莉茶園-茉香柚茶?(245ml*6包/組)_42_1824_飲料_甜品_多入裝
389,J2-34,《光泉》茉莉茶園-蜜茶?(245mlx6包/組),40 ,1824.00 ,光泉,19.0 ,8.0 ,12.0 ,飲料_甜品_多入裝,素食,1626,389_J2-34《光泉》茉莉茶園-蜜茶?(245mlx6包/組)_40_1824_飲料_甜品_多入裝
390,J2-35,《光泉》茉莉綠茶?(245mlx6包/組),45 ,1824.00 ,光泉,19.0 ,8.0 ,12.0 ,飲料_甜品_多入裝,素食,1626,390_J2-35《光泉》茉莉綠茶?(245mlx6包/組)_45_1824_飲料_甜品_多入裝
391,J2-36,《光泉》醇紅茶(微甜)?(250ml*6包/組),38 ,1824.00 ,光泉,19.0 ,8.0 ,12.0 ,飲料_甜品_多入裝,素食,1637,391_J2-36《光泉》醇紅茶(微甜)?(250ml*6包/組)_38_1824_飲料_甜品_多入裝
392,J2-37,《光泉》醇綠茶(微甜)?(250ml*6包/組),42 ,1824.00 ,光泉,19.0 ,8.0 ,12.0 ,飲料_甜品_多入裝,素食,1637,392_J2-37《光泉》醇綠茶(微甜)?(250ml*6包/組)_42_1824_飲料_甜品_多入裝
393,J2-38,《阿薩姆》奶茶?(250mlx6包/組),42 ,1750.28 ,阿薩姆,23.5 ,7.6 ,9.8 ,飲料_甜品_多入裝,素食,1637,393_J2-38《阿薩姆》奶茶?(250mlx6包/組)_42_1750.28_飲料_甜品_多入裝
394,J2-39,《阿薩姆》奶茶?(350mlx6包/組),84 ,1184.65 ,阿薩姆,14.5 ,9.5 ,8.6 ,飲料_甜品_多入裝,素食,1637,394_J2-39《阿薩姆》奶茶?(350mlx6包/組)_84_1184.65_飲料_甜品_多入裝
395,J2-40,《統一》麥香奶茶?(250ml*6包/組),46 ,1824.00 ,統一,19.0 ,8.0 ,12.0 ,飲料_甜品_多入裝,素食,1637,395_J2-40《統一》麥香奶茶?(250ml*6包/組)_46_1824_飲料_甜品_多入裝
396,J2-41,《統一》麥香紅茶?(250ml*6包/組),43 ,1824.00 ,統一,19.0 ,8.0 ,12.0 ,飲料_甜品_多入裝,素食,1637,396_J2-41《統一》麥香紅茶?(250ml*6包/組)_43_1824_飲料_甜品_多入裝
397,J2-42,《愛之味》麥仔茶?(250ml*6包/組),42 ,1824.00 ,愛之味,19.0 ,8.0 ,12.0 ,飲料_甜品_多入裝,素食,1637,397_J2-42《愛之味》麥仔茶?(250ml*6包/組)_42_1824_飲料_甜品_多入裝
398,J2-43,《A+COCO》?椰活100%純椰子水(330ml*6罐),140,4068.96 ,A+COCO,19.6 ,12.0 ,17.3 ,飲料_甜品_多入裝,素食,2118,398_J2-43《A+COCO》?椰活100%純椰子水(330ml*6罐)_140_4068.96_飲料_甜品_多入裝
399,J2-44,《半天水》?鮮剖100%純椰子汁520ml*3罐/組?(520ml*3罐/組),109,2034.48 ,半天水,19.6 ,6.0 ,17.3 ,飲料_甜品_多入裝,素食,1804,399_J2-44《半天水》?鮮剖100%純椰子汁520ml*3罐/組?(520ml*3罐/組)_109_2034.48_飲料_甜品_多入裝
400,J2-45,《光泉》?正庄楊桃汁?(250ml*6包/組),46,1824.00 ,光泉,19.0 ,8.0 ,12.0 ,飲料_甜品_多入裝,素食,1637,400_J2-45《光泉》?正庄楊桃汁?(250ml*6包/組)_46_1824_飲料_甜品_多入裝
401,J2-46,《光泉》?果汁時刻-芒芭柳汁?(250ml*6包/組),43,1824.00 ,光泉,19.0 ,8.0 ,12.0 ,飲料_甜品_多入裝,素食,1637,401_J2-46《光泉》?果汁時刻-芒芭柳汁?(250ml*6包/組)_43_1824_飲料_甜品_多入裝
402,J2-47,《光泉》?果汁時刻-葡萄汁?(250ml*6包/組),43,1824.00 ,光泉,19.0 ,8.0 ,12.0 ,飲料_甜品_多入裝,素食,1637,402_J2-47《光泉》?果汁時刻-葡萄汁?(250ml*6包/組)_43_1824_飲料_甜品_多入裝
403,J2-48,《光泉》?果汁時刻-蘋果汁?(250ml*6包/組),43,1824.00 ,光泉,19.0 ,8.0 ,12.0 ,飲料_甜品_多入裝,素食,1637,403_J2-48《光泉》?果汁時刻-蘋果汁?(250ml*6包/組)_43_1824_飲料_甜品_多入裝
404,J2-49,《老北京御品》?酸梅湯?(300ml*6包/組),63,1824.00 ,老北京御品,19.0 ,8.0 ,12.0 ,飲料_甜品_多入裝,素食,1931,404_J2-49《老北京御品》?酸梅湯?(300ml*6包/組)_63_1824_飲料_甜品_多入裝
405,J2-50,《波蜜》?100%蘋果葡萄汁?(160ml*6包/組),75,1140.00 ,波蜜,15.0 ,9.5 ,8.0 ,飲料_甜品_多入裝,素食,1079,405_J2-50《波蜜》?100%蘋果葡萄汁?(160ml*6包/組)_75_1140_飲料_甜品_多入裝
406,J2-51,《波蜜》?多果汁?(250mlx6包/組),45,1824.00 ,波蜜,19.0 ,8.0 ,12.0 ,飲料_甜品_多入裝,素食,1637,406_J2-51《波蜜》?多果汁?(250mlx6包/組)_45_1824_飲料_甜品_多入裝
407,J2-52,《波蜜》?果菜汁BCE?(250ml*6包/組),50,1824.00 ,波蜜,19.0 ,8.0 ,12.0 ,飲料_甜品_多入裝,素食,1637,407_J2-52《波蜜》?果菜汁BCE?(250ml*6包/組)_50_1824_飲料_甜品_多入裝
408,J2-53,《崇德發》?有機紅葡萄汁?(295ml*4入/組),169,2744.34 ,崇德發,12.7 ,14.7 ,14.7 ,飲料_甜品_多入裝,素食,1180,408_J2-53《崇德發》?有機紅葡萄汁?(295ml*4入/組)_169_2744.343_飲料_甜品_多入裝
409,J2-54,《黑松》?柳橙C?(300ml*6包/組),50,1824.00 ,黑松,19.0 ,8.0 ,12.0 ,飲料_甜品_多入裝,素食,1965,409_J2-54《黑松》?柳橙C?(300ml*6包/組)_50_1824_飲料_甜品_多入裝
410,J2-55,《黑松》?葡萄C?(300mlx6包/組),50,1824.00 ,黑松,19.0 ,8.0 ,12.0 ,飲料_甜品_多入裝,素食,1965,410_J2-55《黑松》?葡萄C?(300mlx6包/組)_50_1824_飲料_甜品_多入裝
411,J2-56,《黑松》?蜜桃C?(300mlx6包/組),51,1824.00 ,黑松,19.0 ,8.0 ,12.0 ,飲料_甜品_多入裝,素食,1965,411_J2-56《黑松》?蜜桃C?(300mlx6包/組)_51_1824_飲料_甜品_多入裝
412,J2-57,《愛之味》?莎莎亞椰奶?(250ml*6包/組),90,1824.00 ,愛之味,19.0 ,8.0 ,12.0 ,飲料_甜品_多入裝,素食,1629,412_J2-57《愛之味》?莎莎亞椰奶?(250ml*6包/組)_90_1824_飲料_甜品_多入裝
413,J2-58,《義美》小寶吉純汁-葡萄?(125cc*6包/組),62,849.02 ,義美,14.4 ,8.8 ,6.7 ,飲料_甜品_多入裝,素食,854,413_J2-58《義美》小寶吉純汁-葡萄?(125cc*6包/組)_62_849.024_飲料_甜品_多入裝
414,J2-59,《義美》?小寶吉純汁-蘋果?(125cc*6包/組),62,849.02 ,義美,14.4 ,8.8 ,6.7 ,飲料_甜品_多入裝,素食,854,414_J2-59《義美》?小寶吉純汁-蘋果?(125cc*6包/組)_62_849.024_飲料_甜品_多入裝
415,J2-60,《義美》?寶吉純果汁- 柳橙綜合(125ml*6包/組),65,849.02 ,義美,14.4 ,8.8 ,6.7 ,飲料_甜品_多入裝,素食,854,415_J2-60《義美》?寶吉純果汁- 柳橙綜合(125ml*6包/組)_65_849.024_飲料_甜品_多入裝
416,J2-61,《鮮剖》?100%純椰子汁(有料)(520ml*3罐/組),109,2034.48 ,鮮剖,19.6 ,6.0 ,17.3 ,飲料_甜品_多入裝,素食,1804,416_J2-61《鮮剖》?100%純椰子汁(有料)(520ml*3罐/組)_109_2034.48_飲料_甜品_多入裝
417,J2-62,《囍瑞》?BIOES100%純天然紅葡萄果汁(200ml*6包/組),119,1550.40 ,囍瑞,15.2 ,12.0 ,8.5 ,飲料_甜品_多入裝,素食,1337,417_J2-62《囍瑞》?BIOES100%純天然紅葡萄果汁(200ml*6包/組)_119_1550.4_飲料_甜品_多入裝
418,J2-63,《七星》紅葡萄汽泡香檳(370ml瓶),78,1943.50 ,七星,6.5 ,13.0 ,23.0 ,飲料_甜品_多入裝,素食,370,418_J2-63《七星》紅葡萄汽泡香檳(370ml瓶)_78_1943.5_飲料_甜品_多入裝
419,J2-64,《七星》白葡萄汽泡香檳(370ml瓶),80,1943.50 ,七星,6.5 ,13.0 ,23.0 ,飲料_甜品_多入裝,素食,370,419_J2-64《七星》白葡萄汽泡香檳(370ml瓶)_80_1943.5_飲料_甜品_多入裝
420,J2-65,《七喜》汽水(330ml罐),72,1014.00 ,七喜,6.5 ,13.0 ,12.0 ,飲料_甜品_多入裝,素食,353,420_J2-65《七喜》汽水(330ml罐)_72_1014_飲料_甜品_多入裝
421,J2-66,《大西洋》蘋果西打(330ml罐),79,1014.00 ,大西洋,6.5 ,13.0 ,12.0 ,飲料_甜品_多入裝,素食,353,421_J2-66《大西洋》蘋果西打(330ml罐)_79_1014_飲料_甜品_多入裝
422,J2-67,《可口可樂》Zero(330ml罐),75,1014.00 ,可口可樂,6.5 ,13.0 ,12.0 ,飲料_甜品_多入裝,素食,353,422_J2-67《可口可樂》Zero(330ml罐)_75_1014_飲料_甜品_多入裝
423,J2-68,《可口可樂》可樂(330ml罐),75,1014.00 ,可口可樂,6.5 ,13.0 ,12.0 ,飲料_甜品_多入裝,素食,353,423_J2-68《可口可樂》可樂(330ml罐)_75_1014_飲料_甜品_多入裝
424,J2-69,《雪碧》雪碧汽水(330ml罐),75,1014.00 ,可口可樂,6.5 ,13.0 ,12.0 ,飲料_甜品_多入裝,素食,353,424_J2-69《雪碧》雪碧汽水(330ml罐)_75_1014_飲料_甜品_多入裝
425,J2-70,《芬達》橘子汽水(330ml罐),75,1014.00 ,可口可樂,6.5 ,13.0 ,12.0 ,飲料_甜品_多入裝,素食,353,425_J2-70《芬達》橘子汽水(330ml罐)_75_1014_飲料_甜品_多入裝
426,J2-71,《百事》可樂(330cc罐),74,1014.00 ,百事,6.5 ,13.0 ,12.0 ,飲料_甜品_多入裝,素食,353,426_J2-71《百事》可樂(330cc罐)_74_1014_飲料_甜品_多入裝
427,J2-72,《金車》奧利多(240ml罐),109,760.50 ,金車,6.5 ,13.0 ,9.0 ,飲料_甜品_多入裝,素食,274,427_J2-72《金車》奧利多(240ml罐)_109_760.5_飲料_甜品_多入裝
428,J2-73,《黑松》沙士(330ml罐),72,1014.00 ,黑松,6.5 ,13.0 ,12.0 ,飲料_甜品_多入裝,素食,353,428_J2-73《黑松》沙士(330ml罐)_72_1014_飲料_甜品_多入裝
429,J2-74,《黑松》沙士-加鹽(330ml罐),79,1014.00 ,黑松,6.5 ,13.0 ,12.0 ,飲料_甜品_多入裝,素食,353,429_J2-74《黑松》沙士-加鹽(330ml罐)_79_1014_飲料_甜品_多入裝
430,J2-75,《黑松》汽水(330ml罐),72,1014.00 ,黑松,6.5 ,13.0 ,12.0 ,飲料_甜品_多入裝,素食,353,430_J2-75《黑松》汽水(330ml罐)_72_1014_飲料_甜品_多入裝
431,J2-76,《維大力》加鹽沙士(330ml罐),79,1014.00 ,維大力,6.5 ,13.0 ,12.0 ,飲料_甜品_多入裝,素食,353,431_J2-76《維大力》加鹽沙士(330ml罐)_79_1014_飲料_甜品_多入裝
432,J2-77,《維大力》汽水(330ml瓶),72,1014.00 ,維大力,6.5 ,13.0 ,12.0 ,飲料_甜品_多入裝,素食,353,432_J2-77《維大力》汽水(330ml瓶)_72_1014_飲料_甜品_多入裝
433,J2-78,《維他露P》汽水(330ml罐),85,1014.00 ,維他露P,6.5 ,13.0 ,12.0 ,飲料_甜品_多入裝,素食,353,433_J2-78《維他露P》汽水(330ml罐)_85_1014_飲料_甜品_多入裝
434,K1-1,《味丹》味味A冬菜鴨肉冬粉(60gx3碗/組),55,4704.00 ,味丹,42.00 ,14.00 ,8.00 ,泡麵_家庭號,葷食,180,434_K1-1《味丹》味味A冬菜鴨肉冬粉(60gx3碗/組)_55_4704_泡麵_家庭號
435,K1-2,《味丹》味味A排骨雞麵(90gx3碗/組),55,4704.00 ,味丹,42.00 ,14.00 ,8.00 ,泡麵_家庭號,葷食,270,435_K1-2《味丹》味味A排骨雞麵(90gx3碗/組)_55_4704_泡麵_家庭號
436,K1-3,《味丹》味味一品皇朝牛筋麵(185gx2入/組),82,4704.00 ,味丹,42.00 ,14.00 ,8.00 ,泡麵_家庭號,葷食,370,436_K1-3《味丹》味味一品皇朝牛筋麵(185gx2入/組)_82_4704_泡麵_家庭號
437,K1-4,《味丹》味味一品原汁珍味牛肉麵(185gx2碗/組),80,4704.00 ,味丹,42.00 ,14.00 ,8.00 ,泡麵_家庭號,葷食,370,437_K1-4《味丹》味味一品原汁珍味牛肉麵(185gx2碗/組)_80_4704_泡麵_家庭號
438,K1-5,《味丹》味味一品原汁珍味爌肉麵(190gx2碗/組),80,4704.00 ,味丹,42.00 ,14.00 ,8.00 ,泡麵_家庭號,葷食,380,438_K1-5《味丹》味味一品原汁珍味爌肉麵(190gx2碗/組)_80_4704_泡麵_家庭號
439,K1-6,《味丹》味味一品極品紅燒牛肉麵(178g*2入/組),82,4704.00 ,味丹,42.00 ,14.00 ,8.00 ,泡麵_家庭號,葷食,356,439_K1-6《味丹》味味一品極品紅燒牛肉麵(178g*2入/組)_82_4704_泡麵_家庭號
440,K1-7,《味丹》雙響泡火山岩燒豚骨湯麵(110g*3桶/組),78,4704.00 ,味丹,42.00 ,14.00 ,8.00 ,泡麵_家庭號,葷食,330,440_K1-7《味丹》雙響泡火山岩燒豚骨湯麵(110g*3桶/組)_78_4704_泡麵_家庭號
441,K1-8,《味丹》雙響泡京醬牛肉桶麵(105gx3桶/組),74,4704.00 ,味丹,42.00 ,14.00 ,8.00 ,泡麵_家庭號,葷食,315,441_K1-8《味丹》雙響泡京醬牛肉桶麵(105gx3桶/組)_74_4704_泡麵_家庭號
442,K1-9,《味丹》雙響泡哈燒鮮辣牛肉湯麵(109g*3桶/組),78,4704.00 ,味丹,42.00 ,14.00 ,8.00 ,泡麵_家庭號,葷食,327,442_K1-9《味丹》雙響泡哈燒鮮辣牛肉湯麵(109g*3桶/組)_78_4704_泡麵_家庭號
443,K1-10,《味丹》雙響泡雞豬雙拼(125g*3入/組),78,4704.00 ,味丹,42.00 ,14.00 ,8.00 ,泡麵_家庭號,葷食,375,443_K1-10《味丹》雙響泡雞豬雙拼(125g*3入/組)_78_4704_泡麵_家庭號
444,K1-11,《味王》紅燒牛肉湯麵(85g*3入/組),52,4704.00 ,味王,42.00 ,14.00 ,8.00 ,泡麵_家庭號,葷食,255,444_K1-11《味王》紅燒牛肉湯麵(85g*3入/組)_52_4704_泡麵_家庭號
445,K1-12,《味王》香菇肉羹湯麵(88gx3入/組),56,4704.00 ,味王,42.00 ,14.00 ,8.00 ,泡麵_家庭號,葷食,264,445_K1-12《味王》香菇肉羹湯麵(88gx3入/組)_56_4704_泡麵_家庭號
446,K1-13,《味王》麻油雞絲湯麵(85g*3入/組),55,4704.00 ,味王,42.00 ,14.00 ,8.00 ,泡麵_家庭號,葷食,255,446_K1-13《味王》麻油雞絲湯麵(85g*3入/組)_55_4704_泡麵_家庭號
447,K1-14,《維力》一度贊老甕牛肉麵(185gx2碗/組),88,5206.25 ,維力,35.00 ,17.50 ,8.50 ,泡麵_家庭號,葷食,370,447_K1-14《維力》一度贊老甕牛肉麵(185gx2碗/組)_88_5206.25_泡麵_家庭號
448,K1-15,《維力》一度贊-沙茶牛肉麵(200gx2碗/組),96,5206.25 ,維力,35.00 ,17.50 ,8.50 ,泡麵_家庭號,葷食,400,448_K1-15《維力》一度贊-沙茶牛肉麵(200gx2碗/組)_96_5206.25_泡麵_家庭號
449,K1-16,《維力》一度贊-紅燒牛肉麵(200gx2碗/組),95,5206.25 ,維力,35.00 ,17.50 ,8.50 ,泡麵_家庭號,葷食,400,449_K1-16《維力》一度贊-紅燒牛肉麵(200gx2碗/組)_95_5206.25_泡麵_家庭號
450,K1-17,《維力》一度贊-爌肉麵(200g*2碗/組),88,5206.25 ,維力,35.00 ,17.50 ,8.50 ,泡麵_家庭號,葷食,400,450_K1-17《維力》一度贊-爌肉麵(200g*2碗/組)_88_5206.25_泡麵_家庭號
451,K1-18,《維力》大乾碗酒香椒麻雞風味麵(110g*2入/組),49,5206.25 ,維力,35.00 ,17.50 ,8.50 ,泡麵_家庭號,葷食,220,451_K1-18《維力》大乾碗酒香椒麻雞風味麵(110g*2入/組)_49_5206.25_泡麵_家庭號
452,K1-19,《維力》大乾麵-地獄辣椒(110gx2碗/組),45,5206.25 ,維力,35.00 ,17.50 ,8.50 ,泡麵_家庭號,葷食,220,452_K1-19《維力》大乾麵-地獄辣椒(110gx2碗/組)_45_5206.25_泡麵_家庭號
453,K1-20,《維力》大乾麵老北京炸醬麵(113gx2碗/組),48,5206.25 ,維力,35.00 ,17.50 ,8.50 ,泡麵_家庭號,葷食,226,453_K1-20《維力》大乾麵老北京炸醬麵(113gx2碗/組)_48_5206.25_泡麵_家庭號
454,K1-21,《維力》大乾麵-紅油擔擔(110gx2碗/組),45,5206.25 ,維力,35.00 ,17.50 ,8.50 ,泡麵_家庭號,葷食,220,454_K1-21《維力》大乾麵-紅油擔擔(110gx2碗/組)_45_5206.25_泡麵_家庭號
455,K1-22,《維力》中華特餐桶-麻辣豬肉麵(140g*2入/組),68,4075.50 ,維力,28.50 ,13.00 ,11.00 ,泡麵_家庭號,葷食,280,455_K1-22《維力》中華特餐桶-麻辣豬肉麵(140g*2入/組)_68_4075.5_泡麵_家庭號
456,K1-23,《維力》中華特餐桶-酸菜牛肉麵(140g*2入/組),72,4075.50 ,維力,28.50 ,13.00 ,11.00 ,泡麵_家庭號,葷食,280,456_K1-23《維力》中華特餐桶-酸菜牛肉麵(140g*2入/組)_72_4075.5_泡麵_家庭號
457,K1-24,《維力》中華特餐桶-蔥燒牛肉麵(145g*2入/組),70,4075.50 ,維力,28.50 ,13.00 ,11.00 ,泡麵_家庭號,葷食,290,457_K1-24《維力》中華特餐桶-蔥燒牛肉麵(145g*2入/組)_70_4075.5_泡麵_家庭號
458,K1-25,《維力》炸醬桶麵(90gx3桶/組),54,4704.00 ,維力,42.00 ,14.00 ,8.00 ,泡麵_家庭號,葷食,270,458_K1-25《維力》炸醬桶麵(90gx3桶/組)_54_4704_泡麵_家庭號
459,K1-26,《維力》真爽黑胡椒牛肉湯麵(90g×3入/組),46,4704.00 ,維力,42.00 ,14.00 ,8.00 ,泡麵_家庭號,葷食,270,459_K1-26《維力》真爽黑胡椒牛肉湯麵(90g×3入/組)_46_4704_泡麵_家庭號
460,K1-27,《維力》真爽豬肉湯麵(90g×3入/組),46,4704.00 ,維力,42.00 ,14.00 ,8.00 ,泡麵_家庭號,葷食,270,460_K1-27《維力》真爽豬肉湯麵(90g×3入/組)_46_4704_泡麵_家庭號
461,K1-28,《維力》素食炸醬桶(90g*3桶/組),62,4704.00 ,維力,42.00 ,14.00 ,8.00 ,泡麵_家庭號,葷食,270,461_K1-28《維力》素食炸醬桶(90g*3桶/組)_62_4704_泡麵_家庭號
462,K1-29,《雙響泡》勁濃豬肉湯麵(106g*3/組),80,6277.11 ,雙響泡,42.10 ,14.20 ,10.50 ,泡麵_家庭號,葷食,318,462_K1-29《雙響泡》勁濃豬肉湯麵(106g*3/組)_80_6277.11_泡麵_家庭號
463,L1-1,《小老板》厚片海苔-原味(36g/包,55,1330.00 ,小老板,14.0 ,5.0 ,19.0 ,餅乾_堅果海苔,素食,36,463_L1-1《小老板》厚片海苔-原味(36g/包_55_1330_餅乾_堅果海苔
464,L1-2,《小老板》厚片海苔-辣味(36g/包,55,1330.00 ,小老板,14.0 ,5.0 ,19.0 ,餅乾_堅果海苔,素食,36,464_L1-2《小老板》厚片海苔-辣味(36g/包_55_1330_餅乾_堅果海苔
465,L1-3,《小老板》厚片海苔-山葵味(36g/包),55,1330.00 ,小老板,14.0 ,5.0 ,19.0 ,餅乾_堅果海苔,素食,36,465_L1-3《小老板》厚片海苔-山葵味(36g/包)_55_1330_餅乾_堅果海苔
466,L1-4,《高岡屋》燒海苔(半切)(25.2g/包),65,598.00 ,高岡屋,23.0 ,2.0 ,13.0 ,餅乾_堅果海苔,素食,25,466_L1-4《高岡屋》燒海苔(半切)(25.2g/包)_65_598_餅乾_堅果海苔
467,L1-5,《高岡屋》味付半切海苔(29g/包),90,598.00 ,高岡屋,23.0 ,2.0 ,13.0 ,餅乾_堅果海苔,素食,29,467_L1-5《高岡屋》味付半切海苔(29g/包)_90_598_餅乾_堅果海苔
468,L1-6,《高岡屋》韓式海苔(5.4g*3包/組),40,990.00 ,高岡屋,11.0 ,6.0 ,15.0 ,餅乾_堅果海苔,素食,15,468_L1-6《高岡屋》韓式海苔(5.4g*3包/組)_40_990_餅乾_堅果海苔
469,L1-7,《高岡屋》味付海苔(隨身包)(3g*3包/組),35,990.00 ,高岡屋,11.0 ,6.0 ,15.0 ,餅乾_堅果海苔,素食,9,469_L1-7《高岡屋》味付海苔(隨身包)(3g*3包/組)_35_990_餅乾_堅果海苔
470,L1-8,《橘平屋》日式36束海苔經濟包(31.2g/包),109,1768.00 ,橘平屋,17.0 ,4.0 ,26.0 ,餅乾_堅果海苔,素食,21,470_L1-8《橘平屋》日式36束海苔經濟包(31.2g/包)_109_1768_餅乾_堅果海苔
471,L1-9,《元本山》海苔(5.2公克(6束入) *5包),99,3016.00 ,聯華,14.5 ,8.0 ,26.0 ,餅乾_堅果海苔,素食,25,471_L1-9《元本山》海苔(5.2公克(6束入) *5包)_99_3016_餅乾_堅果海苔
472,L1-10,《元本山》4切海苔(5包),50,990.00 ,聯華,11.0 ,6.0 ,15.0 ,餅乾_堅果海苔,素食,9,472_L1-10《元本山》4切海苔(5包)_50_990_餅乾_堅果海苔
473,L1-11,《元本山》野海苔(4切4枚*5包),49,990.00 ,聯華,11.0 ,6.0 ,15.0 ,餅乾_堅果海苔,素食,9,473_L1-11《元本山》野海苔(4切4枚*5包)_49_990_餅乾_堅果海苔
474,L1-12,《元本山》朝鮮海苔(10枚*3入/包),40,1248.00 ,聯華,26.0 ,4.0 ,12.0 ,餅乾_堅果海苔,素食,15,474_L1-12《元本山》朝鮮海苔(10枚*3入/包)_40_1248_餅乾_堅果海苔
475,L1-13,《元本山》對切海苔-芥末(31.2g/包),77,598.00 ,聯華,23.0 ,2.0 ,13.0 ,餅乾_堅果海苔,素食,31,475_L1-13《元本山》對切海苔-芥末(31.2g/包)_77_598_餅乾_堅果海苔
476,L1-14,《元本山》對切海苔-辣味(39g/包),77,598.00 ,聯華,23.0 ,2.0 ,13.0 ,餅乾_堅果海苔,素食,39,476_L1-14《元本山》對切海苔-辣味(39g/包)_77_598_餅乾_堅果海苔
477,L1-15,《元本山》朝鮮海苔(3切30枚/包),69,598.00 ,聯華,23.0 ,2.0 ,13.0 ,餅乾_堅果海苔,素食,40,477_L1-15《元本山》朝鮮海苔(3切30枚/包)_69_598_餅乾_堅果海苔
478,L1-16,《元本山》味付對切海苔(39g),75,598.00 ,聯華,23.0 ,2.0 ,13.0 ,餅乾_堅果海苔,素食,39,478_L1-16《元本山》味付對切海苔(39g)_75_598_餅乾_堅果海苔
479,L1-17,《豆之家》哇沙米翠果子(210g/包),62,672.00 ,豆之家,14.0 ,3.0 ,16.0 ,餅乾_堅果海苔,葷食,210,479_L1-17《豆之家》哇沙米翠果子(210g/包)_62_672_餅乾_堅果海苔
480,L1-18,《恰好》香香豆(330g/包),65,1560.00 ,恰好,13.0 ,5.0 ,24.0 ,餅乾_堅果海苔,素食,330,480_L1-18《恰好》香香豆(330g/包)_65_1560_餅乾_堅果海苔
481,L1-19,《恰好》綜合香香豆(300g/包),65,1560.00 ,恰好,13.0 ,5.0 ,24.0 ,餅乾_堅果海苔,素食,300,481_L1-19《恰好》綜合香香豆(300g/包)_65_1560_餅乾_堅果海苔
482,L1-20,《盛香珍》麻辣青豆(220g/包),49,1750.00 ,盛香珍,17.5 ,4.0 ,25.0 ,餅乾_堅果海苔,葷食,220,482_L1-20《盛香珍》麻辣青豆(220g/包)_49_1750_餅乾_堅果海苔
483,L1-21,《盛香珍》芥茉青豆(240g/包),50,1750.00 ,盛香珍,17.5 ,4.0 ,25.0 ,餅乾_堅果海苔,葷食,240,483_L1-21《盛香珍》芥茉青豆(240g/包)_50_1750_餅乾_堅果海苔
484,L1-22,《盛香珍》蒜香青豆(240g),49,1750.00 ,盛香珍,17.5 ,4.0 ,25.0 ,餅乾_堅果海苔,葷食,240,484_L1-22《盛香珍》蒜香青豆(240g)_49_1750_餅乾_堅果海苔
485,L1-23,《盛香珍》腰果(135g/包),99,1249.50 ,盛香珍,17.0 ,3.5 ,21.0 ,餅乾_堅果海苔,素食,135,485_L1-23《盛香珍》腰果(135g/包)_99_1249.5_餅乾_堅果海苔
486,L1-24,《盛香珍》杏仁果(160g/包),99,1249.50 ,盛香珍,17.0 ,3.5 ,21.0 ,餅乾_堅果海苔,素食,160,486_L1-24《盛香珍》杏仁果(160g/包)_99_1249.5_餅乾_堅果海苔
487,L1-25,《盛香珍》杏仁小魚(125g/包),99,1249.50 ,盛香珍,17.0 ,3.5 ,21.0 ,餅乾_堅果海苔,葷食,125,487_L1-25《盛香珍》杏仁小魚(125g/包)_99_1249.5_餅乾_堅果海苔
488,L1-26,《盛香珍》開心果(150g/包),92,882.00 ,盛香珍,14.0 ,3.5 ,18.0 ,餅乾_堅果海苔,素食,150,488_L1-26《盛香珍》開心果(150g/包)_92_882_餅乾_堅果海苔
489,L1-27,《義美》香蒜青豆(178g/包),42,1564.00 ,義美,17.0 ,4.0 ,23.0 ,餅乾_堅果海苔,葷食,178,489_L1-27《義美》香蒜青豆(178g/包)_42_1564_餅乾_堅果海苔
490,L1-28,《義美》芥末豌豆(151公克/包),40,1564.00 ,義美,17.0 ,4.0 ,23.0 ,餅乾_堅果海苔,葷食,151,490_L1-28《義美》芥末豌豆(151公克/包)_40_1564_餅乾_堅果海苔
491,L1-29,《義美》鹹酥碗豆(151g/包),40,1564.00 ,義美,17.0 ,4.0 ,23.0 ,餅乾_堅果海苔,素食,151,491_L1-29《義美》鹹酥碗豆(151g/包)_40_1564_餅乾_堅果海苔
492,L1-30,《義美》原味綜合纖果(155g/包),129,682.50 ,義美,13.0 ,3.5 ,15.0 ,餅乾_堅果海苔,素食,155,492_L1-30《義美》原味綜合纖果(155g/包)_129_682.5_餅乾_堅果海苔
493,L1-31,《義美》小魚櫻花蝦綜合果(104g/包),80,682.50 ,義美,13.0 ,3.5 ,15.0 ,餅乾_堅果海苔,葷食,104,493_L1-31《義美》小魚櫻花蝦綜合果(104g/包)_80_682.5_餅乾_堅果海苔
494,L1-32,《義美》腰果杏仁(114g/包),80,682.50 ,義美,13.0 ,15.0 ,3.5 ,餅乾_堅果海苔,素食,114,494_L1-32《義美》腰果杏仁(114g/包)_80_682.5_餅乾_堅果海苔
495,L1-33,《義美》核桃杏仁(114g/包),83,682.50 ,義美,13.0 ,15.0 ,3.5 ,餅乾_堅果海苔,素食,114,495_L1-33《義美》核桃杏仁(114g/包)_83_682.5_餅乾_堅果海苔
496,L1-34,《義美》小魚杏仁(104g/包),80,682.50 ,義美,13.0 ,15.0 ,3.5 ,餅乾_堅果海苔,葷食,104,496_L1-34《義美》小魚杏仁(104g/包)_80_682.5_餅乾_堅果海苔
497,L1-35,《義美》香脆杏仁(132g/包),80,682.50 ,義美,13.0 ,15.0 ,3.5 ,餅乾_堅果海苔,葷食,132,497_L1-35《義美》香脆杏仁(132g/包)_80_682.5_餅乾_堅果海苔
498,L1-36,《義美》蜜汁腰果(108g/包),80,682.50 ,義美,13.0 ,15.0 ,3.5 ,餅乾_堅果海苔,葷食,108,498_L1-36《義美》蜜汁腰果(108g/包)_80_682.5_餅乾_堅果海苔
499,L1-37,《義美》原味綜合堅果(145g/包),129,780.00 ,義美,13.0 ,15.0 ,4.0 ,餅乾_堅果海苔,素食,145,499_L1-37《義美》原味綜合堅果(145g/包)_129_780_餅乾_堅果海苔
500,L1-38,《嘉禾》大蠶豆(450g/包),69,1748.00 ,嘉禾,19.0 ,23.0 ,4.0 ,餅乾_堅果海苔,葷食,450,500_L1-38《嘉禾》大蠶豆(450g/包)_69_1748_餅乾_堅果海苔
501,L1-39,《嘉禾》素食蠶豆(450g/包),65,1748.00 ,嘉禾,19.0 ,23.0 ,4.0 ,餅乾_堅果海苔,素食,450,501_L1-39《嘉禾》素食蠶豆(450g/包)_65_1748_餅乾_堅果海苔
502,L1-40,《萬歲牌》?南棗琥珀核桃?(140g/包),98,682.50 ,聯華,13.0 ,3.5 ,15.0 ,餅乾_堅果海苔,素食,140,502_L1-40《萬歲牌》?南棗琥珀核桃?(140g/包)_98_682.5_餅乾_堅果海苔
503,L1-41,《萬歲牌》櫻花蝦綜合果(165g/盒),139,682.50 ,聯華,13.0 ,3.5 ,15.0 ,餅乾_堅果海苔,葷食,165,503_L1-41《萬歲牌》櫻花蝦綜合果(165g/盒)_139_682.5_餅乾_堅果海苔
504,L1-42,《萬歲牌》蜜汁腰果(180g/包),98,682.50 ,聯華,13.0 ,3.5 ,15.0 ,餅乾_堅果海苔,葷食,180,504_L1-42《萬歲牌》蜜汁腰果(180g/包)_98_682.5_餅乾_堅果海苔
505,L1-43,《萬歲牌》香酥腰果(180g/包),98,682.50 ,聯華,13.0 ,3.5 ,15.0 ,餅乾_堅果海苔,葷食,180,505_L1-43《萬歲牌》香酥腰果(180g/包)_98_682.5_餅乾_堅果海苔
506,L1-44,《萬歲牌》綜合纖果(180g/包),89,682.50 ,聯華,13.0 ,3.5 ,15.0 ,餅乾_堅果海苔,葷食,180,506_L1-44《萬歲牌》綜合纖果(180g/包)_89_682.5_餅乾_堅果海苔
507,L1-45,《萬歲牌》麻辣雙果(160g/包),100,682.50 ,聯華,13.0 ,3.5 ,15.0 ,餅乾_堅果海苔,葷食,160,507_L1-45《萬歲牌》麻辣雙果(160g/包)_100_682.5_餅乾_堅果海苔
508,L1-46,《萬歲牌》綜合杏仁條(225g/盒),150,1972.00 ,聯華,14.5 ,8.0 ,17.0 ,餅乾_堅果海苔,素食,225,508_L1-46《萬歲牌》綜合杏仁條(225g/盒)_150_1972_餅乾_堅果海苔
509,L1-47,《萬歲牌》櫻花蝦綜合果(140公克/包),100,682.50 ,聯華,13.0 ,3.5 ,15.0 ,餅乾_堅果海苔,葷食,140,509_L1-47《萬歲牌》櫻花蝦綜合果(140公克/包)_100_682.5_餅乾_堅果海苔
510,L1-48,《萬歲牌》和風咖哩榛果(120公克/包),100,682.50 ,聯華,13.0 ,3.5 ,15.0 ,餅乾_堅果海苔,葷食,120,510_L1-48《萬歲牌》和風咖哩榛果(120公克/包)_100_682.5_餅乾_堅果海苔
511,L1-49,《萬歲牌》麻辣腰果(160g/包),105,682.50 ,聯華,13.0 ,3.5 ,15.0 ,餅乾_堅果海苔,葷食,160,511_L1-49《萬歲牌》麻辣腰果(160g/包)_105_682.5_餅乾_堅果海苔
512,L1-50,《萬歲牌》可可榛果(120g/包),100,682.50 ,聯華,13.0 ,3.5 ,15.0 ,餅乾_堅果海苔,素食,120,512_L1-50《萬歲牌》可可榛果(120g/包)_100_682.5_餅乾_堅果海苔
513,L1-51,《萬歲牌》杏仁果(180g/包),100,682.50 ,聯華,13.0 ,3.5 ,15.0 ,餅乾_堅果海苔,素食,180,513_L1-51《萬歲牌》杏仁果(180g/包)_100_682.5_餅乾_堅果海苔
514,L1-52,《萬歲牌》芥末杏仁果(180g/包),100,682.50 ,聯華,13.0 ,3.5 ,15.0 ,餅乾_堅果海苔,素食,180,514_L1-52《萬歲牌》芥末杏仁果(180g/包)_100_682.5_餅乾_堅果海苔
515,L1-53,《萬歲牌》楓糖腰果(180g/包),105,682.50 ,聯華,13.0 ,3.5 ,15.0 ,餅乾_堅果海苔,葷食,180,515_L1-53《萬歲牌》楓糖腰果(180g/包)_105_682.5_餅乾_堅果海苔
516,L1-54,《萬歲牌》薄鹽烘焙核桃(130g/包),98,682.50 ,聯華,13.0 ,3.5 ,15.0 ,餅乾_堅果海苔,素食,130,516_L1-54《萬歲牌》薄鹽烘焙核桃(130g/包)_98_682.5_餅乾_堅果海苔
517,L1-55,《萬歲牌》蔓莓纖果(160g/包),100,685.13 ,聯華,13.5 ,3.5 ,14.5 ,餅乾_堅果海苔,素食,160,517_L1-55《萬歲牌》蔓莓纖果(160g/包)_100_685.125_餅乾_堅果海苔
518,L1-56,《萬歲牌》無調味杏仁果(200g/包),145,685.13 ,聯華,13.5 ,3.5 ,14.5 ,餅乾_堅果海苔,素食,200,518_L1-56《萬歲牌》無調味杏仁果(200g/包)_145_685.125_餅乾_堅果海苔
519,L1-57,《萬歲牌》無調味腰果(180g/包),145,685.13 ,聯華,13.5 ,3.5 ,14.5 ,餅乾_堅果海苔,素食,180,519_L1-57《萬歲牌》無調味腰果(180g/包)_145_685.125_餅乾_堅果海苔
520,L1-58,《萬歲牌》無調味核桃杏仁(180公克/包),145,685.13 ,聯華,13.5 ,3.5 ,14.5 ,餅乾_堅果海苔,素食,180,520_L1-58《萬歲牌》無調味核桃杏仁(180公克/包)_145_685.125_餅乾_堅果海苔
521,L1-59,《萬歲牌》無調味綜合果(180g/包),145,685.13 ,聯華,13.5 ,3.5 ,14.5 ,餅乾_堅果海苔,素食,180,521_L1-59《萬歲牌》無調味綜合果(180g/包)_145_685.125_餅乾_堅果海苔
522,L2-1,《Lay's樂事》樂多組合包(237g(5包)/袋),79,6300.00 ,Lay's樂事,30.0 ,30.0 ,7.0 ,餅乾_組合包,葷食,237,522_L2-1《Lay's樂事》樂多組合包(237g(5包)/袋)_79_6300_餅乾_組合包
523,L2-2,《Lay's樂事》享樂包(189g(6包)/袋),45,6300.00 ,Lay's樂事,30.0 ,30.0 ,7.0 ,餅乾_組合包,葷食,189,523_L2-2《Lay's樂事》享樂包(189g(6包)/袋)_45_6300_餅乾_組合包
524,L2-3,《Lay's樂事》波樂厚片組合包(43gx4包/袋),58,4680.00 ,Lay's樂事,12.0 ,13.0 ,30.0 ,餅乾_組合包,葷食,172,524_L2-3《Lay's樂事》波樂厚片組合包(43gx4包/袋)_58_4680_餅乾_組合包
525,L2-4,《Lay's樂事》樂事組合包(43gx4包/組),56,4680.00 ,Lay's樂事,12.0 ,13.0 ,30.0 ,餅乾_組合包,葷食,172,525_L2-4《Lay's樂事》樂事組合包(43gx4包/組)_56_4680_餅乾_組合包
526,L2-5,《多力多滋》綜合組合包(54g*4包/組),55,4680.00 ,多力多滋,12.0 ,13.0 ,30.0 ,餅乾_組合包,葷食,216,526_L2-5《多力多滋》綜合組合包(54g*4包/組)_55_4680_餅乾_組合包
527,L2-6,《百事》奇多綜合組合包(240公克/包),59,4680.00 ,百事,12.0 ,13.0 ,30.0 ,餅乾_組合包,葷食,240,527_L2-6《百事》奇多綜合組合包(240公克/包)_59_4680_餅乾_組合包
528,L2-7,《乖乖》香濃巧克力組合包(52g*4入 / 包),52,4680.00 ,乖乖,12.0 ,13.0 ,30.0 ,餅乾_組合包,葷食,208,528_L2-7《乖乖》香濃巧克力組合包(52g*4入 / 包)_52_4680_餅乾_組合包
529,L2-8,《乖乖》草莓煉乳(52gx4包/組),62,4680.00 ,乖乖,12.0 ,13.0 ,30.0 ,餅乾_組合包,葷食,208,529_L2-8《乖乖》草莓煉乳(52gx4包/組)_62_4680_餅乾_組合包
530,L2-9,《乖乖》四入彎仔包(208g/袋),62,4680.00 ,乖乖,12.0 ,13.0 ,30.0 ,餅乾_組合包,葷食,208,530_L2-9《乖乖》四入彎仔包(208g/袋)_62_4680_餅乾_組合包
531,L2-10,《乖乖》奶油椰子(52g*4包/組),60,4680.00 ,乖乖,12.0 ,13.0 ,30.0 ,餅乾_組合包,葷食,208,531_L2-10《乖乖》奶油椰子(52g*4包/組)_60_4680_餅乾_組合包
532,L2-11,《乖乖》煉乳玉米脆果(52g*4包/組),59,4680.00 ,乖乖,12.0 ,13.0 ,30.0 ,餅乾_組合包,葷食,208,532_L2-11《乖乖》煉乳玉米脆果(52g*4包/組)_59_4680_餅乾_組合包
533,L2-12,《旺旺》浪味仙分享包(42g*4包/袋),59,4680.00 ,旺旺,12.0 ,13.0 ,30.0 ,餅乾_組合包,葷食,168,533_L2-12《旺旺》浪味仙分享包(42g*4包/袋)_59_4680_餅乾_組合包
534,L2-13,《旺旺》燒米屋(350g/包),99,6887.50 ,旺旺,25.0 ,29.0 ,9.5 ,餅乾_組合包,素食,350,534_L2-13《旺旺》燒米屋(350g/包)_99_6887.5_餅乾_組合包
535,L2-14,《旺旺》波貝仙經濟包(350公克/包),85,6887.50 ,旺旺,25.0 ,29.0 ,9.5 ,餅乾_組合包,素食,350,535_L2-14《旺旺》波貝仙經濟包(350公克/包)_85_6887.5_餅乾_組合包
536,L2-15,《旺旺》瑞花仙貝經濟包(350g/包),95,5800.00 ,旺旺,29.0 ,25.0 ,8.0 ,餅乾_組合包,素食,350,536_L2-15《旺旺》瑞花仙貝經濟包(350g/包)_95_5800_餅乾_組合包
537,L2-16,《旺旺》仙貝岩塚經濟包(350g/包),90,5800.00 ,旺旺,29.0 ,25.0 ,8.0 ,餅乾_組合包,素食,350,537_L2-16《旺旺》仙貝岩塚經濟包(350g/包)_90_5800_餅乾_組合包
538,L2-17,《旺旺》無聊派大仙貝酥(155g/包),45,2400.00 ,旺旺,15.0 ,20.0 ,8.0 ,餅乾_組合包,素食,155,538_L2-17《旺旺》無聊派大仙貝酥(155g/包)_45_2400_餅乾_組合包
539,L2-18,《旺旺》仙貝(112g/包),39,1400.00 ,旺旺,14.0 ,5.0 ,20.0 ,餅乾_組合包,素食,112,539_L2-18《旺旺》仙貝(112g/包)_39_1400_餅乾_組合包
540,L2-19,《旺旺》雪餅(145g/包),39,2070.00 ,旺旺,15.0 ,6.0 ,23.0 ,餅乾_組合包,素食,145,540_L2-19《旺旺》雪餅(145g/包)_39_2070_餅乾_組合包
541,L2-20,《旺旺》紅麴物語經濟包(240g/包),109,5800.00 ,旺旺,29.0 ,25.0 ,8.0 ,餅乾_組合包,素食,240,541_L2-20《旺旺》紅麴物語經濟包(240g/包)_109_5800_餅乾_組合包
542,L2-21,《旺旺》厚燒鹽味(160g/包),45,1976.00 ,旺旺,26.0 ,19.0 ,4.0 ,餅乾_組合包,素食,160,542_L2-21《旺旺》厚燒鹽味(160g/包)_45_1976_餅乾_組合包
543,L2-22,《旺旺》厚燒海苔(160g/包),45,1976.00 ,旺旺,26.0 ,19.0 ,4.0 ,餅乾_組合包,素食,160,543_L2-22《旺旺》厚燒海苔(160g/包)_45_1976_餅乾_組合包
544,L2-23,《旺旺》雪燒(170g/包),39,2125.00 ,旺旺,17.0 ,5.0 ,25.0 ,餅乾_組合包,素食,170,544_L2-23《旺旺》雪燒(170g/包)_39_2125_餅乾_組合包
545,L2-24,《旺旺》米起司(2枚*18入),36,1748.00 ,旺旺,23.0 ,4.0 ,19.0 ,餅乾_組合包,葷食,36,545_L2-24《旺旺》米起司(2枚*18入)_36_1748_餅乾_組合包
546,L2-25,《華元》波特多洋芋片(46gx4包/袋),75,6300.00 ,華元,30.0 ,30.0 ,7.0 ,餅乾_組合包,葷食,184,546_L2-25《華元》波特多洋芋片(46gx4包/袋)_75_6300_餅乾_組合包
547,L2-26,《華元》真魷味歡樂包-紅燒(144G/袋),54,6300.00 ,華元,30.0 ,30.0 ,7.0 ,餅乾_組合包,葷食,144,547_L2-26《華元》真魷味歡樂包-紅燒(144G/袋)_54_6300_餅乾_組合包
548,L2-27,《裕榮》蝦味先家族組合包(4包),52,4680.00 ,裕榮,12.0 ,13.0 ,30.0 ,餅乾_組合包,葷食,240,548_L2-27《裕榮》蝦味先家族組合包(4包)_52_4680_餅乾_組合包
549,L2-28,《裕榮》蝦味先綜合包(60公克x4入/組),54,4680.00 ,裕榮,12.0 ,13.0 ,30.0 ,餅乾_組合包,葷食,240,549_L2-28《裕榮》蝦味先綜合包(60公克x4入/組)_54_4680_餅乾_組合包
550,L2-29,《聯華》可樂果量販包(57g*4包/袋),59,6300.00 ,聯華,30.0 ,30.0 ,7.0 ,餅乾_組合包,葷食,228,550_L2-29《聯華》可樂果量販包(57g*4包/袋)_59_6300_餅乾_組合包
551,L2-30,《聯華》卡迪那德州薯條量販包(42gx4包/袋),65,6300.00 ,聯華,30.0 ,30.0 ,7.0 ,餅乾_組合包,葷食,168,551_L2-30《聯華》卡迪那德州薯條量販包(42gx4包/袋)_65_6300_餅乾_組合包
552,L2-31,《聯華》卡迪那牛排量販包(180公克/包),69,6300.00 ,聯華,30.0 ,30.0 ,7.0 ,餅乾_組合包,葷食,180,552_L2-31《聯華》卡迪那牛排量販包(180公克/包)_69_6300_餅乾_組合包
553,L2-32,《聯華》可樂果古早味量販包(57g*4包/袋),62,6300.00 ,聯華,30.0 ,30.0 ,7.0 ,餅乾_組合包,葷食,228,553_L2-32《聯華》可樂果古早味量販包(57g*4包/袋)_62_6300_餅乾_組合包
554,L2-33,《聯華》可樂果量販包-辣味(57g*4包/袋),58,6300.00 ,聯華,30.0 ,30.0 ,7.0 ,餅乾_組合包,葷食,228,554_L2-33《聯華》可樂果量販包-辣味(57g*4包/袋)_58_6300_餅乾_組合包
555,L3-1,《HAITAI》海太蘇打餅(162g/盒),42,1518.00 ,HAITAI,22.0 ,6.0 ,11.5 ,餅乾_蘇打餅,葷食,162,555_L3-1《HAITAI》海太蘇打餅(162g/盒)_42_1518_餅乾_蘇打餅
556,L3-2,《HAITAI》海太蔬菜營養餅乾(194g/盒),49,1518.00 ,HAITAI,22.0 ,6.0 ,11.5 ,餅乾_蘇打餅,葷食,194,556_L3-2《HAITAI》海太蔬菜營養餅乾(194g/盒)_49_1518_餅乾_蘇打餅
557,L3-3,《HAITAI》海太加鈣營養餅(197g/盒),49,1518.00 ,HAITAI,22.0 ,6.0 ,11.5 ,餅乾_蘇打餅,葷食,197,557_L3-3《HAITAI》海太加鈣營養餅(197g/盒)_49_1518_餅乾_蘇打餅
558,L3-4,《HAITAI》海太加鈣起士餅(172g/盒),49,1518.00 ,HAITAI,22.0 ,6.0 ,11.5 ,餅乾_蘇打餅,葷食,172,558_L3-4《HAITAI》海太加鈣起士餅(172g/盒)_49_1518_餅乾_蘇打餅
559,L3-5,《HAITAI》海太加鈣杏仁餅(133g),49,1518.00 ,HAITAI,22.0 ,6.0 ,11.5 ,餅乾_蘇打餅,葷食,133,559_L3-5《HAITAI》海太加鈣杏仁餅(133g)_49_1518_餅乾_蘇打餅
560,L3-6,《HAITAI》海太海苔加鈣營養餅(197g/盒),49,1518.00 ,HAITAI,22.0 ,6.0 ,11.5 ,餅乾_蘇打餅,葷食,197,560_L3-6《HAITAI》海太海苔加鈣營養餅(197g/盒)_49_1518_餅乾_蘇打餅
561,L3-7,《HAITAI》海太牧場鮮乳餅(162g/盒),49,1518.00 ,HAITAI,22.0 ,6.0 ,11.5 ,餅乾_蘇打餅,葷食,162,561_L3-7《HAITAI》海太牧場鮮乳餅(162g/盒)_49_1518_餅乾_蘇打餅
562,L3-8,《中立》蘇打餅(175g/包),33,918.00 ,中立,8.5 ,6.0 ,18.0 ,餅乾_蘇打餅,葷食,175,562_L3-8《中立》蘇打餅(175g/包)_33_918_餅乾_蘇打餅
563,L3-9,《中立》椒鹽餅乾(175g/包),33,918.00 ,中立,8.5 ,6.0 ,18.0 ,餅乾_蘇打餅,葷食,175,563_L3-9《中立》椒鹽餅乾(175g/包)_33_918_餅乾_蘇打餅
564,L3-10,《中祥》麥穗蘇打(160g/包),23,880.00 ,中祥,11.0 ,5.0 ,16.0 ,餅乾_蘇打餅,葷食,160,564_L3-10《中祥》麥穗蘇打(160g/包)_23_880_餅乾_蘇打餅
565,L3-11,《中祥》自然?鹽(120g/包),36,1440.00 ,中祥,20.0 ,9.0 ,8.0 ,餅乾_蘇打餅,葷食,120,565_L3-11《中祥》自然?鹽(120g/包)_36_1440_餅乾_蘇打餅
566,L3-12,《日為》天然?源(160g/包),28,1323.00 ,日為,21.0 ,9.0 ,7.0 ,餅乾_蘇打餅,葷食,160,566_L3-12《日為》天然?源(160g/包)_28_1323_餅乾_蘇打餅
567,L3-13,《台鹽》海鹽蘇打餅乾(168公克/盒),55,1938.75 ,台鹽,11.0 ,7.5 ,23.5 ,餅乾_蘇打餅,葷食,168,567_L3-13《台鹽》海鹽蘇打餅乾(168公克/盒)_55_1938.75_餅乾_蘇打餅
568,L3-14,《台鹽》黑胡椒蘇打餅乾(168公克/盒),55,1938.75 ,台鹽,11.0 ,7.5 ,23.5 ,餅乾_蘇打餅,葷食,168,568_L3-14《台鹽》黑胡椒蘇打餅乾(168公克/盒)_55_1938.75_餅乾_蘇打餅
569,L3-15,《奇比樂》起士餅(320g/包),65,1518.00 ,奇比樂,12.0 ,5.5 ,23.0 ,餅乾_蘇打餅,葷食,320,569_L3-15《奇比樂》起士餅(320g/包)_65_1518_餅乾_蘇打餅
570,L3-16,《掬水軒》高纖蘇打餅(150g/盒),39,864.00 ,掬水軒,12.0 ,6.0 ,12.0 ,餅乾_蘇打餅,葷食,150,570_L3-16《掬水軒》高纖蘇打餅(150g/盒)_39_864_餅乾_蘇打餅
571,L3-17,《喜年來》牛奶營養餅(180g/盒),55,2062.50 ,喜年來,12.5 ,7.5 ,22.0 ,餅乾_蘇打餅,葷食,180,571_L3-17《喜年來》牛奶營養餅(180g/盒)_55_2062.5_餅乾_蘇打餅
572,L3-18,《喜年來》椰奶營養餅(180g/盒),55,2062.50 ,喜年來,12.5 ,7.5 ,22.0 ,餅乾_蘇打餅,葷食,180,572_L3-18《喜年來》椰奶營養餅(180g/盒)_55_2062.5_餅乾_蘇打餅
573,L3-19,《喜年來》甘藍蘇打餅乾超值包(207g/盒),59,1940.63 ,喜年來,11.5 ,7.5 ,22.5 ,餅乾_蘇打餅,葷食,207,573_L3-19《喜年來》甘藍蘇打餅乾超值包(207g/盒)_59_1940.625_餅乾_蘇打餅
574,L3-20,《喜年來》亞麻仁蕎麥蘇打餅乾超值包(207g/盒),59,1940.63 ,喜年來,11.5 ,7.5 ,22.5 ,餅乾_蘇打餅,葷食,207,574_L3-20《喜年來》亞麻仁蕎麥蘇打餅乾超值包(207g/盒)_59_1940.625_餅乾_蘇打餅
575,L3-21,《義美》美味紫菜蘇打餅乾(192g/盒),47,885.50 ,義美,23.0 ,3.5 ,11.0 ,餅乾_蘇打餅,葷食,192,575_L3-21《義美》美味紫菜蘇打餅乾(192g/盒)_47_885.5_餅乾_蘇打餅
576,L3-22,《義美》健康取向蘇打餅乾(205g/盒),34,1358.50 ,義美,11.0 ,6.5 ,19.0 ,餅乾_蘇打餅,葷食,205,576_L3-22《義美》健康取向蘇打餅乾(205g/盒)_34_1358.5_餅乾_蘇打餅
577,L3-23,《義美》天然取向蘇打餅乾-紫菜(140g/盒),28,1323.00 ,義美,21.0 ,9.0 ,7.0 ,餅乾_蘇打餅,葷食,140,577_L3-23《義美》天然取向蘇打餅乾-紫菜(140g/盒)_28_1323_餅乾_蘇打餅
578,L3-24,《義美》天然取向蘇打餅乾-鮮蔥(140g/盒),28,1323.00 ,義美,21.0 ,9.0 ,7.0 ,餅乾_蘇打餅,葷食,140,578_L3-24《義美》天然取向蘇打餅乾-鮮蔥(140g/盒)_28_1323_餅乾_蘇打餅
579,L3-25,《義美》芝麻燕麥多穀物蘇打餅乾(135g/盒),33,900.00 ,義美,10.0 ,5.0 ,18.0 ,餅乾_蘇打餅,葷食,135,579_L3-25《義美》芝麻燕麥多穀物蘇打餅乾(135g/盒)_33_900_餅乾_蘇打餅
580,L3-26,《義美》穀物蘇打餅(270/盒),69,2762.50 ,義美,17.0 ,6.5 ,25.0 ,餅乾_蘇打餅,葷食,270,580_L3-26《義美》穀物蘇打餅(270/盒)_69_2762.5_餅乾_蘇打餅
581,L3-27,《優龍》ACE小麥胚芽餅(200g/盒),55,1391.50 ,優龍,23.0 ,5.5 ,11.0 ,餅乾_蘇打餅,葷食,200,581_L3-27《優龍》ACE小麥胚芽餅(200g/盒)_55_1391.5_餅乾_蘇打餅
582,L3-28,《優龍》迷你蘇打餅乾(128g/盒),55,1391.50 ,優龍,23.0 ,5.5 ,11.0 ,餅乾_蘇打餅,葷食,128,582_L3-28《優龍》迷你蘇打餅乾(128g/盒)_55_1391.5_餅乾_蘇打餅
583,L3-29,《優龍》ACE竹鹽蘇打餅乾(149g),50,1391.50 ,優龍,23.0 ,5.5 ,11.0 ,餅乾_蘇打餅,葷食,149,583_L3-29《優龍》ACE竹鹽蘇打餅乾(149g)_50_1391.5_餅乾_蘇打餅
584,L4-1,《Lay's樂事》樂事波樂九州岩燒海苔洋芋片(97g/包),35,2625.00 ,Lay's樂事,15.0 ,7.0 ,25.0 ,餅乾_洋芋片,葷食,97,584_L4-1《Lay's樂事》樂事波樂九州岩燒海苔洋芋片(97g/包)_35_2625_餅乾_洋芋片
585,L4-2,《Lay's樂事》泰國狠辣香炒蟹洋芋片(97g/包),35,2625.00 ,Lay's樂事,15.0 ,7.0 ,25.0 ,餅乾_洋芋片,葷食,97,585_L4-2《Lay's樂事》泰國狠辣香炒蟹洋芋片(97g/包)_35_2625_餅乾_洋芋片
586,L4-3,《Lay's樂事》澳洲豪情蜂蜜BBQ洋芋片(97g/包),35,2625.00 ,Lay's樂事,15.0 ,7.0 ,25.0 ,餅乾_洋芋片,葷食,97,586_L4-3《Lay's樂事》澳洲豪情蜂蜜BBQ洋芋片(97g/包)_35_2625_餅乾_洋芋片
587,L4-4,《Lay's樂事》波樂印度神秘辛香烤雞洋芋片(97g/包),35,2625.00 ,Lay's樂事,15.0 ,7.0 ,25.0 ,餅乾_洋芋片,葷食,97,587_L4-4《Lay's樂事》波樂印度神秘辛香烤雞洋芋片(97g/包)_35_2625_餅乾_洋芋片
588,L4-5,《Lay's樂事》波樂香酥雞腿洋芋片(97g/包),35,2625.00 ,Lay's樂事,15.0 ,7.0 ,25.0 ,餅乾_洋芋片,葷食,97,588_L4-5《Lay's樂事》波樂香酥雞腿洋芋片(97g/包)_35_2625_餅乾_洋芋片
589,L4-6,《Lay's樂事》波樂海鮮總匯洋芋片(97g/包),35,2625.00 ,Lay's樂事,15.0 ,7.0 ,25.0 ,餅乾_洋芋片,葷食,97,589_L4-6《Lay's樂事》波樂海鮮總匯洋芋片(97g/包)_35_2625_餅乾_洋芋片
590,L4-7,《Lay's樂事》火爆香辣洋芋片(97g/包),35,2625.00 ,Lay's樂事,15.0 ,7.0 ,25.0 ,餅乾_洋芋片,葷食,97,590_L4-7《Lay's樂事》火爆香辣洋芋片(97g/包)_35_2625_餅乾_洋芋片
591,L4-8,《Lay's樂事》波樂香烤肋排洋芋片(97g/包),35,2625.00 ,Lay's樂事,15.0 ,7.0 ,25.0 ,餅乾_洋芋片,葷食,97,591_L4-8《Lay's樂事》波樂香烤肋排洋芋片(97g/包)_35_2625_餅乾_洋芋片
592,L4-9,《Lay's樂事》瑞士香濃起司(97g/包),35,2625.00 ,Lay's樂事,15.0 ,7.0 ,25.0 ,餅乾_洋芋片,葷食,97,592_L4-9《Lay's樂事》瑞士香濃起司(97g/包)_35_2625_餅乾_洋芋片
593,L4-10,《Lay's樂事》美國經典原味(97g/包),35,2625.00 ,Lay's樂事,15.0 ,7.0 ,25.0 ,餅乾_洋芋片,素食,97,593_L4-10《Lay's樂事》美國經典原味(97g/包)_35_2625_餅乾_洋芋片
594,L4-11,《Lay's樂事》九州岩燒海苔(97g/包),35,2625.00 ,Lay's樂事,15.0 ,7.0 ,25.0 ,餅乾_洋芋片,葷食,97,594_L4-11《Lay's樂事》九州岩燒海苔(97g/包)_35_2625_餅乾_洋芋片
595,L4-12,《Lay's樂事》泰國狠辣香炒蟹派對分享包(150g/包),55,2625.00 ,Lay's樂事,15.0 ,7.0 ,25.0 ,餅乾_洋芋片,葷食,150,595_L4-12《Lay's樂事》泰國狠辣香炒蟹派對分享包(150g/包)_55_2625_餅乾_洋芋片
596,L4-13,《Lay's樂事》波樂香烤肋排派對分享包(150g/包),55,2625.00 ,Lay's樂事,15.0 ,7.0 ,25.0 ,餅乾_洋芋片,葷食,150,596_L4-13《Lay's樂事》波樂香烤肋排派對分享包(150g/包)_55_2625_餅乾_洋芋片
597,L4-14,《Lay's樂事》瑞士香濃起司(43g/包),18,2625.00 ,Lay's樂事,15.0 ,7.0 ,25.0 ,餅乾_洋芋片,葷食,43,597_L4-14《Lay's樂事》瑞士香濃起司(43g/包)_18_2625_餅乾_洋芋片
598,L4-15,《Lay's樂事》九州岩燒海苔(43g/包),18,2625.00 ,Lay's樂事,15.0 ,7.0 ,25.0 ,餅乾_洋芋片,葷食,43,598_L4-15《Lay's樂事》九州岩燒海苔(43g/包)_18_2625_餅乾_洋芋片
599,L4-16,《Lay's樂事》美國經典原味派對分享包(150g/包),55,2625.00 ,Lay's樂事,15.0 ,7.0 ,25.0 ,餅乾_洋芋片,素食,150,599_L4-16《Lay's樂事》美國經典原味派對分享包(150g/包)_55_2625_餅乾_洋芋片
600,L4-17,《Lay's樂事》九州岩燒海苔派對分享包(150g/包),55,2625.00 ,Lay's樂事,15.0 ,7.0 ,25.0 ,餅乾_洋芋片,葷食,150,600_L4-17《Lay's樂事》九州岩燒海苔派對分享包(150g/包)_55_2625_餅乾_洋芋片
601,L4-18,《Lay's樂事》泰式酸辣湯洋芋片(97g/包),39,2625.00 ,Lay's樂事,15.0 ,7.0 ,25.0 ,餅乾_洋芋片,葷食,97,601_L4-18《Lay's樂事》泰式酸辣湯洋芋片(97g/包)_39_2625_餅乾_洋芋片
602,L4-19,《湖池屋》卡辣姆久V感厚切 派對分享包(160g/包),55,4104.00 ,湖池屋,19.0 ,8.0 ,27.0 ,餅乾_洋芋片,葷食,160,602_L4-19《湖池屋》卡辣姆久V感厚切 派對分享包(160g/包)_55_4104_餅乾_洋芋片
603,L4-20,《湖池屋》卡辣姆久-卡辣海苔洋芋片(82g/包),33,4104.00 ,湖池屋,19.0 ,8.0 ,27.0 ,餅乾_洋芋片,葷食,82,603_L4-20《湖池屋》卡辣姆久-卡辣海苔洋芋片(82g/包)_33_4104_餅乾_洋芋片
604,L4-21,《湖池屋》卡辣姆久洋芋片(82g/包),39,4104.00 ,湖池屋,19.0 ,8.0 ,27.0 ,餅乾_洋芋片,素食,82,604_L4-21《湖池屋》卡辣姆久洋芋片(82g/包)_39_4104_餅乾_洋芋片
605,L4-22,《湖池屋》卡辣姆久派對分享包(160g/包),59,4104.00 ,湖池屋,19.0 ,8.0 ,27.0 ,餅乾_洋芋片,葷食,160,605_L4-22《湖池屋》卡辣姆久派對分享包(160g/包)_59_4104_餅乾_洋芋片
606,L4-23,《華元》波的多超厚切洋芋片-蚵仔煎味(82g/包),28,4104.00 ,華元,19.0 ,8.0 ,27.0 ,餅乾_洋芋片,葷食,82,606_L4-23《華元》波的多超厚切洋芋片-蚵仔煎味(82g/包)_28_4104_餅乾_洋芋片
607,L4-24,《華元》卡辣姆久總匯披薩厚切洋芋片(78g/包),33,2625.00 ,華元,15.0 ,7.0 ,25.0 ,餅乾_洋芋片,葷食,78,607_L4-24《華元》卡辣姆久總匯披薩厚切洋芋片(78g/包)_33_2625_餅乾_洋芋片
608,L4-25,《華元》波的多洋芋片-黑胡椒牛排(82g/包),33,2625.00 ,華元,15.0 ,7.0 ,25.0 ,餅乾_洋芋片,葷食,82,608_L4-25《華元》波的多洋芋片-黑胡椒牛排(82g/包)_33_2625_餅乾_洋芋片
609,L4-26,《華元》波的多洋芋片-皇家奶油(82g/包),33,2625.00 ,華元,15.0 ,7.0 ,25.0 ,餅乾_洋芋片,葷食,82,609_L4-26《華元》波的多洋芋片-皇家奶油(82g/包)_33_2625_餅乾_洋芋片
610,L4-27,《華元》波的多厚切洋芋片-蚵仔煎辣味(82g/包),34,2625.00 ,華元,15.0 ,7.0 ,25.0 ,餅乾_洋芋片,葷食,82,610_L4-27《華元》波的多厚切洋芋片-蚵仔煎辣味(82g/包)_34_2625_餅乾_洋芋片
611,L4-28,《華元》波的多歡樂派對包-蚵仔煎辣味(180g/包),59,2625.00 ,華元,15.0 ,7.0 ,25.0 ,餅乾_洋芋片,葷食,180,611_L4-28《華元》波的多歡樂派對包-蚵仔煎辣味(180g/包)_59_2625_餅乾_洋芋片
612,L4-29,《華元》真魷味紅燒(105g/包),33,2625.00 ,華元,15.0 ,7.0 ,25.0 ,餅乾_洋芋片,葷食,105,612_L4-29《華元》真魷味紅燒(105g/包)_33_2625_餅乾_洋芋片
613,L4-30,《華元》波的多歡樂派對包-黑胡椒牛排(195g/包),55,2625.00 ,華元,15.0 ,7.0 ,25.0 ,餅乾_洋芋片,葷食,195,613_L4-30《華元》波的多歡樂派對包-黑胡椒牛排(195g/包)_55_2625_餅乾_洋芋片
614,L4-31,《華元》波的多歡樂派對包-蚵仔煎口味(180g/包),49,2625.00 ,華元,15.0 ,7.0 ,25.0 ,餅乾_洋芋片,葷食,180,614_L4-31《華元》波的多歡樂派對包-蚵仔煎口味(180g/包)_49_2625_餅乾_洋芋片
615,L4-32,《華元》波的多洋芋片-蚵仔煎(82g/包),30,2625.00 ,華元,15.0 ,7.0 ,25.0 ,餅乾_洋芋片,葷食,82,615_L4-32《華元》波的多洋芋片-蚵仔煎(82g/包)_30_2625_餅乾_洋芋片
616,L4-33,《聯華》卡迪那厚切香辣(110g/包),39,2625.00 ,聯華,15.0 ,7.0 ,25.0 ,餅乾_洋芋片,葷食,110,616_L4-33《聯華》卡迪那厚切香辣(110g/包)_39_2625_餅乾_洋芋片
617,L4-34,《聯華》卡迪那鹽味(110g/包),39,2625.00 ,聯華,15.0 ,7.0 ,25.0 ,餅乾_洋芋片,葷食,110,617_L4-34《聯華》卡迪那鹽味(110g/包)_39_2625_餅乾_洋芋片
618,L4-35,《聯華》卡迪那台灣香芋脆片(80g/包),39,2625.00 ,聯華,15.0 ,7.0 ,25.0 ,餅乾_洋芋片,葷食,80,618_L4-35《聯華》卡迪那台灣香芋脆片(80g/包)_39_2625_餅乾_洋芋片
619,L4-36,《聯華》卡迪那德州薯條茄汁(100g/包),39,2625.00 ,聯華,15.0 ,7.0 ,25.0 ,餅乾_洋芋片,葷食,100,619_L4-36《聯華》卡迪那德州薯條茄汁(100g/包)_39_2625_餅乾_洋芋片
620,L4-37,《聯華》卡迪那厚切牛排(110g/包),39,2625.00 ,聯華,15.0 ,7.0 ,25.0 ,餅乾_洋芋片,葷食,110,620_L4-37《聯華》卡迪那厚切牛排(110g/包)_39_2625_餅乾_洋芋片
621,L4-38,《Pringles》品客洋芋片-原味(134公克/罐),49,1376.00 ,品客,8.0 ,8.0 ,21.5 ,餅乾_洋芋片,葷食,134,621_L4-38《Pringles》品客洋芋片-原味(134公克/罐)_49_1376_餅乾_洋芋片
622,L4-39,《Pringles》品客洋芋片-洋蔥味(134公克/罐),49,1376.00 ,品客,8.0 ,8.0 ,21.5 ,餅乾_洋芋片,葷食,134,622_L4-39《Pringles》品客洋芋片-洋蔥味(134公克/罐)_49_1376_餅乾_洋芋片
623,L4-40,《Pringles》品客洋芋片-香辣口味(134公克/罐),53,1376.00 ,品客,8.0 ,8.0 ,21.5 ,餅乾_洋芋片,葷食,134,623_L4-40《Pringles》品客洋芋片-香辣口味(134公克/罐)_53_1376_餅乾_洋芋片
624,L4-41,《Pringles》品客洋芋片-香濃起司口味(134公克/罐,49,1376.00 ,品客,8.0 ,8.0 ,21.5 ,餅乾_洋芋片,葷食,134,624_L4-41《Pringles》品客洋芋片-香濃起司口味(134公克/罐_49_1376_餅乾_洋芋片
625,L4-42,《Jacker》傑可洋芋片-蔬菜(160g/罐),49,1376.00 ,Jacker洋芋,8.0 ,8.0 ,21.5 ,餅乾_洋芋片,葷食,160,625_L4-42《Jacker》傑可洋芋片-蔬菜(160g/罐)_49_1376_餅乾_洋芋片
626,L4-43,《Jacker》傑可洋芋片-蕃茄(160g/罐),49,1376.00 ,Jacker洋芋,8.0 ,8.0 ,21.5 ,餅乾_洋芋片,葷食,160,626_L4-43《Jacker》傑可洋芋片-蕃茄(160g/罐)_49_1376_餅乾_洋芋片
627,L4-44,《Jacker》傑可洋芋片-起司味(160g/罐),49,1376.00 ,Jacker洋芋,8.0 ,8.0 ,21.5 ,餅乾_洋芋片,葷食,160,627_L4-44《Jacker》傑可洋芋片-起司味(160g/罐)_49_1376_餅乾_洋芋片
628,L4-45,《Jacker》傑可洋芋片-酸奶洋蔥味(160g/罐),49,1376.00 ,Jacker洋芋,8.0 ,8.0 ,21.5 ,餅乾_洋芋片,葷食,160,628_L4-45《Jacker》傑可洋芋片-酸奶洋蔥味(160g/罐)_49_1376_餅乾_洋芋片
629,L4-46,《Jacker》傑可洋芋片-燒烤味(160公克/罐),49,1376.00 ,Jacker洋芋,8.0 ,8.0 ,21.5 ,餅乾_洋芋片,葷食,160,629_L4-46《Jacker》傑可洋芋片-燒烤味(160公克/罐)_49_1376_餅乾_洋芋片
630,L4-47,《Jacker》傑可洋芋片-香辣味(160公克/罐),49,1376.00 ,Jacker洋芋,8.0 ,8.0 ,21.5 ,餅乾_洋芋片,葷食,160,630_L4-47《Jacker》傑可洋芋片-香辣味(160公克/罐)_49_1376_餅乾_洋芋片
631,L4-48,《Jacker》傑可洋芋片-原味(160公克/罐),49,1376.00 ,Jacker洋芋,8.0 ,8.0 ,21.5 ,餅乾_洋芋片,葷食,160,631_L4-48《Jacker》傑可洋芋片-原味(160公克/罐)_49_1376_餅乾_洋芋片
632,L4-49,《Pringles》品客洋芋片-比薩口味(134公克/罐),55,1376.00 ,品客,8.0 ,8.0 ,21.5 ,餅乾_洋芋片,葷食,134,632_L4-49《Pringles》品客洋芋片-比薩口味(134公克/罐)_55_1376_餅乾_洋芋片
633,L4-50,《Pringles》品客洋芋片-碳烤BBQ口味(134公克/,55,1376.00 ,品客,8.0 ,8.0 ,21.5 ,餅乾_洋芋片,葷食,134,633_L4-50《Pringles》品客洋芋片-碳烤BBQ口味(134公克/_55_1376_餅乾_洋芋片
634,L4-51,《Lay's樂事》家庭號韓式香辣洋芋片(260g/盒),79,2310.00 ,Lay's樂事,21.0 ,5.5 ,20.0 ,餅乾_洋芋片,葷食,260,634_L4-51《Lay's樂事》家庭號韓式香辣洋芋片(260g/盒)_79_2310_餅乾_洋芋片
635,L4-52,《Lay's樂事》家庭號原味洋芋片(260g/盒),79,2310.00 ,Lay's樂事,21.0 ,5.5 ,20.0 ,餅乾_洋芋片,葷食,260,635_L4-52《Lay's樂事》家庭號原味洋芋片(260g/盒)_79_2310_餅乾_洋芋片
636,L4-53,《Lay's樂事》家庭號雞汁洋芋片(260g/盒),79,2310.00 ,Lay's樂事,21.0 ,5.5 ,20.0 ,餅乾_洋芋片,葷食,260,636_L4-53《Lay's樂事》家庭號雞汁洋芋片(260g/盒)_79_2310_餅乾_洋芋片
637,L4-54,《Lay's樂事》家庭號奶焗香蔥洋芋(260g/盒),79,2310.00 ,Lay's樂事,21.0 ,5.5 ,20.0 ,餅乾_洋芋片,葷食,260,637_L4-54《Lay's樂事》家庭號奶焗香蔥洋芋(260g/盒)_79_2310_餅乾_洋芋片
638,L4-55,《Lay's樂事》家庭號爆濃起司洋芋片(260g/盒),79,2625.00 ,Lay's樂事,15.0 ,7.0 ,25.0 ,餅乾_洋芋片,葷食,260,638_L4-55《Lay's樂事》家庭號爆濃起司洋芋片(260g/盒)_79_2625_餅乾_洋芋片
639,L5-1,《Crown》巧克力派(180g/盒),42,1328.25 ,Crown,23.0 ,5.5 ,10.5 ,餅乾_中西小點,葷食,180,639_L5-1《Crown》巧克力派(180g/盒)_42_1328.25_餅乾_中西小點
640,L5-2,《LOTTE》樂天蛋黃派(23gx6包/盒),59,1394.25 ,LOTTE樂天,13.0 ,5.5 ,19.5 ,餅乾_中西小點,葷食,138,640_L5-2《LOTTE》樂天蛋黃派(23gx6包/盒)_59_1394.25_餅乾_中西小點
641,L5-3,《LOTTE》樂天巧克力派(336g/包),72,750.00 ,LOTTE樂天,15.0 ,5.0 ,10.0 ,餅乾_中西小點,葷食,336,641_L5-3《LOTTE》樂天巧克力派(336g/包)_72_750_餅乾_中西小點
642,L5-4,《LOTTE》樂天巧克力派(28gx6包/盒),43,1394.96 ,LOTTE樂天,23.5 ,5.3 ,11.2 ,餅乾_中西小點,葷食,168,642_L5-4《LOTTE》樂天巧克力派(28gx6包/盒)_43_1394.96_餅乾_中西小點
643,L5-5,《Market O》布朗尼蛋糕-香草口味(80g/盒),79,735.00 ,Market O,15.0 ,5.0 ,9.8 ,餅乾_中西小點,葷食,80,643_L5-5《Market O》布朗尼蛋糕-香草口味(80g/盒)_79_735_餅乾_中西小點
644,L5-6,《Market O》布朗尼蛋糕(80g/盒),79,735.00 ,Market O,15.0 ,5.0 ,9.8 ,餅乾_中西小點,葷食,80,644_L5-6《Market O》布朗尼蛋糕(80g/盒)_79_735_餅乾_中西小點
645,L5-7,《可口》楓糖派量販包(116g/盒),55,956.25 ,可口,22.5 ,5.0 ,8.5 ,餅乾_中西小點,葷食,116,645_L5-7《可口》楓糖派量販包(116g/盒)_55_956.25_餅乾_中西小點
646,L5-8,《可口》千層派量販包(114g/盒),65,956.25 ,可口,22.5 ,5.0 ,8.5 ,餅乾_中西小點,葷食,114,646_L5-8《可口》千層派量販包(114g/盒)_65_956.25_餅乾_中西小點
647,L5-9,《可口》葡萄派量販包(124g/盒),65,956.25 ,可口,22.5 ,5.0 ,8.5 ,餅乾_中西小點,葷食,124,647_L5-9《可口》葡萄派量販包(124g/盒)_65_956.25_餅乾_中西小點
648,L5-10,《宏亞》77有餡's雙餡-黑巧克力香草(220公克/盒),67,2646.88 ,宏亞,27.5 ,5.5 ,17.5 ,餅乾_中西小點,葷食,220,648_L5-10《宏亞》77有餡's雙餡-黑巧克力香草(220公克/盒)_67_2646.875_餅乾_中西小點
649,L5-11,《宏亞》77新貴派提拉米蘇22入(206g/盒),59,2640.00 ,宏亞,22.0 ,6.0 ,20.0 ,餅乾_中西小點,葷食,206,649_L5-11《宏亞》77新貴派提拉米蘇22入(206g/盒)_59_2640_餅乾_中西小點
650,L5-12,《宏亞》77新貴派(乳酸) 18入(234g/盒),59,2280.00 ,宏亞,19.0 ,6.0 ,20.0 ,餅乾_中西小點,葷食,234,650_L5-12《宏亞》77新貴派(乳酸) 18入(234g/盒)_59_2280_餅乾_中西小點
651,L5-13,《宏亞》77新貴派巧克力藍莓(234g/盒),59,2280.00 ,宏亞,19.0 ,6.0 ,20.0 ,餅乾_中西小點,葷食,234,651_L5-13《宏亞》77新貴派巧克力藍莓(234g/盒)_59_2280_餅乾_中西小點
652,L5-14,《宏亞》77新貴派巧克力綠茶18塊(225g/盒),59,2280.00 ,宏亞,19.0 ,6.0 ,20.0 ,餅乾_中西小點,葷食,225,652_L5-14《宏亞》77新貴派巧克力綠茶18塊(225g/盒)_59_2280_餅乾_中西小點
653,L5-15,《宏亞》77新貴派巧克力草莓18塊(234g/盒),59,2280.00 ,宏亞,19.0 ,6.0 ,20.0 ,餅乾_中西小點,葷食,234,653_L5-15《宏亞》77新貴派巧克力草莓18塊(234g/盒)_59_2280_餅乾_中西小點
654,L5-16,《宏亞》77有餡's雙餡威化(210g/盒),69,2646.88 ,宏亞,27.5 ,5.5 ,17.5 ,餅乾_中西小點,葷食,210,654_L5-16《宏亞》77有餡's雙餡威化(210g/盒)_69_2646.875_餅乾_中西小點
655,L5-17,《宏亞》77新貴派花生(144g/包),39,1100.00 ,宏亞,20.0 ,10.0 ,5.5 ,餅乾_中西小點,葷食,144,655_L5-17《宏亞》77新貴派花生(144g/包)_39_1100_餅乾_中西小點
656,L5-18,《宏亞》77新貴派巧克力花生18塊(288g/盒),59,2280.00 ,宏亞,19.0 ,6.0 ,20.0 ,餅乾_中西小點,葷食,288,656_L5-18《宏亞》77新貴派巧克力花生18塊(288g/盒)_59_2280_餅乾_中西小點
657,L5-19,《宏亞》蜜蘭諾楓糖葡萄(138公克/盒),59,2520.00 ,宏亞,24.0 ,5.0 ,21.0 ,餅乾_中西小點,葷食,138,657_L5-19《宏亞》蜜蘭諾楓糖葡萄(138公克/盒)_59_2520_餅乾_中西小點
658,L5-20,《宏亞》蜜蘭諾醇黑千層(156公克/盒),59,2520.00 ,宏亞,24.0 ,5.0 ,21.0 ,餅乾_中西小點,葷食,156,658_L5-20《宏亞》蜜蘭諾醇黑千層(156公克/盒)_59_2520_餅乾_中西小點
659,L5-21,《宏亞》77蜜蘭諾-鬆塔(192g/盒),59,2152.50 ,宏亞,21.0 ,5.0 ,20.5 ,餅乾_中西小點,葷食,192,659_L5-21《宏亞》77蜜蘭諾-鬆塔(192g/盒)_59_2152.5_餅乾_中西小點
660,L5-22,《宏亞》77蜜蘭諾-杏仁千層(144g/盒),59,2520.00 ,宏亞,24.0 ,5.0 ,21.0 ,餅乾_中西小點,葷食,144,660_L5-22《宏亞》77蜜蘭諾-杏仁千層(144g/盒)_59_2520_餅乾_中西小點
661,L5-23,《宏亞》77 蜜蘭諾(128公克/包),42,1440.00 ,宏亞,20.0 ,6.0 ,12.0 ,餅乾_中西小點,葷食,128,661_L5-23《宏亞》77 蜜蘭諾(128公克/包)_42_1440_餅乾_中西小點
662,L5-24,《乖乖》夾心蛋糕-雞蛋牛奶(180g/盒),72,3064.75 ,乖乖,20.5 ,6.5 ,23.0 ,餅乾_中西小點,葷食,180,662_L5-24《乖乖》夾心蛋糕-雞蛋牛奶(180g/盒)_72_3064.75_餅乾_中西小點
663,L5-25,《奧利奧》巧心蛋糕(160g/盒),72,858.00 ,奧利奧,24.0 ,5.5 ,6.5 ,餅乾_中西小點,葷食,160,663_L5-25《奧利奧》巧心蛋糕(160g/盒)_72_858_餅乾_中西小點
664,L5-26,《奧利奧》巧心蛋糕(149g/盒),72,1462.50 ,奧利奧,26.0 ,4.5 ,12.5 ,餅乾_中西小點,葷食,149,664_L5-26《奧利奧》巧心蛋糕(149g/盒)_72_1462.5_餅乾_中西小點
665,L5-27,《新東陽》鳳梨酥(200g/盒),49,968.63 ,新東陽,20.5 ,3.5 ,13.5 ,餅乾_中西小點,葷食,200,665_L5-27《新東陽》鳳梨酥(200g/盒)_49_968.625_餅乾_中西小點
666,L5-28,《義美》鳳梨酥12入(168g/盒),49,968.63 ,義美,20.5 ,3.5 ,13.5 ,餅乾_中西小點,葷食,168,666_L5-28《義美》鳳梨酥12入(168g/盒)_49_968.625_餅乾_中西小點
667,L5-29,《義美》巧克力小泡芙(171g/盒),66,3082.75 ,義美,5.5 ,19.0 ,29.5 ,餅乾_中西小點,葷食,171,667_L5-29《義美》巧克力小泡芙(171g/盒)_66_3082.75_餅乾_中西小點
668,L5-30,《義美》咖啡小泡芙(171g/盒),73,3082.75 ,義美,5.5 ,19.0 ,29.5 ,餅乾_中西小點,葷食,171,668_L5-30《義美》咖啡小泡芙(171g/盒)_73_3082.75_餅乾_中西小點
669,L5-31,《義美》檸檬小泡芙(171g/盒),70,3082.75 ,義美,5.5 ,19.0 ,29.5 ,餅乾_中西小點,葷食,171,669_L5-31《義美》檸檬小泡芙(171g/盒)_70_3082.75_餅乾_中西小點
670,L5-32,《義美》雞蛋布丁小泡芙(171g/盒),70,3082.75 ,義美,5.5 ,19.0 ,29.5 ,餅乾_中西小點,葷食,171,670_L5-32《義美》雞蛋布丁小泡芙(171g/盒)_70_3082.75_餅乾_中西小點
671,L5-33,《義美》香草巧克力小泡芙(171g/盒),70,3082.75 ,義美,5.5 ,19.0 ,29.5 ,餅乾_中西小點,葷食,171,671_L5-33《義美》香草巧克力小泡芙(171g/盒)_70_3082.75_餅乾_中西小點
672,L5-34,《義美》草莓小泡芙(171g/盒),70,3082.75 ,義美,5.5 ,19.0 ,29.5 ,餅乾_中西小點,葷食,171,672_L5-34《義美》草莓小泡芙(171g/盒)_70_3082.75_餅乾_中西小點
673,L5-35,《義美》牛奶小泡芙(171g/盒),70,3082.75 ,義美,5.5 ,19.0 ,29.5 ,餅乾_中西小點,葷食,171,673_L5-35《義美》牛奶小泡芙(171g/盒)_70_3082.75_餅乾_中西小點
674,L5-36,《盛香珍》經典咖啡薄酥(180g/盒),59,2205.00 ,盛香珍,17.5 ,6.0 ,21.0 ,餅乾_中西小點,葷食,180,674_L5-36《盛香珍》經典咖啡薄酥(180g/盒)_59_2205_餅乾_中西小點
675,L5-37,《義美》草莓法蘭酥(90g/盒),53,2265.25 ,義美,17.0 ,6.5 ,20.5 ,餅乾_中西小點,葷食,90,675_L5-37《義美》草莓法蘭酥(90g/盒)_53_2265.25_餅乾_中西小點
676,L5-38,《義美》牛奶法蘭酥(90g/盒),53,2265.25 ,義美,17.0 ,6.5 ,20.5 ,餅乾_中西小點,葷食,90,676_L5-38《義美》牛奶法蘭酥(90g/盒)_53_2265.25_餅乾_中西小點
677,L5-39,《義美》巧克力法蘭酥(90g/盒),53,2265.25 ,義美,17.0 ,6.5 ,20.5 ,餅乾_中西小點,葷食,90,677_L5-39《義美》巧克力法蘭酥(90g/盒)_53_2265.25_餅乾_中西小點
678,L5-40,《Kid-O日清》奶油檸檬三明治(120g/袋),39,550.00 ,Kid-O日清,11.0 ,5.0 ,10.0 ,餅乾_中西小點,葷食,120,678_L5-40《Kid-O日清》奶油檸檬三明治(120g/袋)_39_550_餅乾_中西小點
679,L5-41,《Kid-O日清》巧克力三明治(120g/袋),39,550.00 ,Kid-O日清,11.0 ,5.0 ,10.0 ,餅乾_中西小點,葷食,120,679_L5-41《Kid-O日清》巧克力三明治(120g/袋)_39_550_餅乾_中西小點
680,L5-42,《RITZ》麗滋香草夾心餅乾(261g/盒),90,1200.00 ,RITZ麗滋,15.0 ,16.0 ,5.0 ,餅乾_中西小點,葷食,261,680_L5-42《RITZ》麗滋香草夾心餅乾(261g/盒)_90_1200_餅乾_中西小點
681,L5-43,《RITZ》麗滋起士夾心餅乾(261g/盒),89,1200.00 ,RITZ麗滋,15.0 ,16.0 ,5.0 ,餅乾_中西小點,葷食,261,681_L5-43《RITZ》麗滋起士夾心餅乾(261g/盒)_89_1200_餅乾_中西小點
682,L5-44,《RITZ》麗滋檸檬三明治餅乾量販包(261g/盒),85,1200.00 ,RITZ麗滋,15.0 ,16.0 ,5.0 ,餅乾_中西小點,葷食,261,682_L5-44《RITZ》麗滋檸檬三明治餅乾量販包(261g/盒)_85_1200_餅乾_中西小點
683,L5-45,《Yu-ki》巧克力夾心餅(150g/盒),47,1551.00 ,Yu-ki,23.5 ,6.0 ,11.0 ,餅乾_中西小點,葷食,150,683_L5-45《Yu-ki》巧克力夾心餅(150g/盒)_47_1551_餅乾_中西小點
684,L5-46,《Yu-ki》花生夾心餅(150g),47,1551.00 ,Yu-ki,23.5 ,6.0 ,11.0 ,餅乾_中西小點,葷食,150,684_L5-46《Yu-ki》花生夾心餅(150g)_47_1551_餅乾_中西小點
685,L5-47,《Yu-ki》起司夾心餅(150g/盒),47,1551.00 ,Yu-ki,23.5 ,6.0 ,11.0 ,餅乾_中西小點,葷食,150,685_L5-47《Yu-ki》起司夾心餅(150g/盒)_47_1551_餅乾_中西小點
686,L5-48,《Yu-ki》檸檬夾心餅(150g/盒),49,1551.00 ,Yu-ki,23.5 ,6.0 ,11.0 ,餅乾_中西小點,葷食,150,686_L5-48《Yu-ki》檸檬夾心餅(150g/盒)_49_1551_餅乾_中西小點
687,L5-49,《宏亞》77牛奶巧菲斯(400g/包),69,2400.00 ,宏亞,20.0 ,30.0 ,4.0 ,餅乾_中西小點,葷食,400,687_L5-49《宏亞》77牛奶巧菲斯(400g/包)_69_2400_餅乾_中西小點
688,L5-50,《奇比樂》花生夾心餅乾(135g/包),35,700.00 ,奇比樂,14.0 ,5.0 ,10.0 ,餅乾_中西小點,葷食,135,688_L5-50《奇比樂》花生夾心餅乾(135g/包)_35_700_餅乾_中西小點
689,L5-51,《奇比樂》香草夾心餅乾(135g/包),39,700.00 ,奇比樂,14.0 ,5.0 ,10.0 ,餅乾_中西小點,葷食,135,689_L5-51《奇比樂》香草夾心餅乾(135g/包)_39_700_餅乾_中西小點
690,L5-52,《奇比樂》起司夾心餅乾(135g/包),39,700.00 ,奇比樂,14.0 ,5.0 ,10.0 ,餅乾_中西小點,葷食,135,690_L5-52《奇比樂》起司夾心餅乾(135g/包)_39_700_餅乾_中西小點
691,L5-53,《盛香珍》巧克酥-綜合口味(180g/盒),55,2772.00 ,盛香珍,18.0 ,7.0 ,22.0 ,餅乾_中西小點,葷食,180,691_L5-53《盛香珍》巧克酥-綜合口味(180g/盒)_55_2772_餅乾_中西小點
692,L5-54,《奧利奧》三明治原味隨手包 9入(264.6g/盒),79,952.00 ,奧利奧,17.0 ,14.0 ,4.0 ,餅乾_中西小點,素食,265,692_L5-54《奧利奧》三明治原味隨手包 9入(264.6g/盒)_79_952_餅乾_中西小點
693,L5-55,《奧利奧》巧克力夾心三明治餅乾(411g/盒),93,1470.00 ,奧利奧,21.0 ,5.0 ,14.0 ,餅乾_中西小點,葷食,411,693_L5-55《奧利奧》巧克力夾心三明治餅乾(411g/盒)_93_1470_餅乾_中西小點
694,L5-56,《奧利奧》巧克力夾心隨手包9入(264.6g/盒),79,952.00 ,奧利奧,17.0 ,14.0 ,4.0 ,餅乾_中西小點,葷食,265,694_L5-56《奧利奧》巧克力夾心隨手包9入(264.6g/盒)_79_952_餅乾_中西小點
695,L5-57,《奧利奧》冰淇淋香橙三明治餅乾(411g/盒),93,1470.00 ,奧利奧,21.0 ,5.0 ,14.0 ,餅乾_中西小點,葷食,411,695_L5-57《奧利奧》冰淇淋香橙三明治餅乾(411g/盒)_93_1470_餅乾_中西小點
696,L5-58,《奧利奧》冰淇淋藍莓三明治餅乾(411g/盒),99,1470.00 ,奧利奧,21.0 ,5.0 ,14.0 ,餅乾_中西小點,葷食,411,696_L5-58《奧利奧》冰淇淋藍莓三明治餅乾(411g/盒)_99_1470_餅乾_中西小點
697,L5-59,《奧利奧》金奇三明治餅乾 隨手包 9入(264.6g/盒),79,1050.00 ,奧利奧,15.0 ,5.0 ,14.0 ,餅乾_中西小點,葷食,265,697_L5-59《奧利奧》金奇三明治餅乾 隨手包 9入(264.6g/盒)_79_1050_餅乾_中西小點
698,L5-60,《奧利奧》威化夾心酥量販包-巧克力(260g/盒),79,1656.00 ,奧利奧,16.0 ,4.5 ,23.0 ,餅乾_中西小點,葷食,260,698_L5-60《奧利奧》威化夾心酥量販包-巧克力(260g/盒)_79_1656_餅乾_中西小點
699,L5-61,《奧利奧》威化夾心酥量販包-香草(260g/盒),79,1656.00 ,奧利奧,16.0 ,4.5 ,23.0 ,餅乾_中西小點,葷食,260,699_L5-61《奧利奧》威化夾心酥量販包-香草(260g/盒)_79_1656_餅乾_中西小點
700,L5-62,《奧利奧》美味雙心巧克力三明治餅乾(411g/盒),93,1317.50 ,奧利奧,15.5 ,5.0 ,17.0 ,餅乾_中西小點,葷食,411,700_L5-62《奧利奧》美味雙心巧克力三明治餅乾(411g/盒)_93_1317.5_餅乾_中西小點
701,L5-63,《奧利奧》香草三明治餅乾(411g/盒),89,1317.50 ,奧利奧,15.5 ,5.0 ,17.0 ,餅乾_中西小點,素食,411,701_L5-63《奧利奧》香草三明治餅乾(411g/盒)_89_1317.5_餅乾_中西小點
702,L5-64,《奧利奧》草莓夾心三明治餅乾(411g/盒),93,1317.50 ,奧利奧,15.5 ,5.0 ,17.0 ,餅乾_中西小點,葷食,411,702_L5-64《奧利奧》草莓夾心三明治餅乾(411g/盒)_93_1317.5_餅乾_中西小點
703,L5-65,《奧利奧》清甜夾心 隨手包 9入(264.6g/盒),79,1050.00 ,奧利奧,15.0 ,5.0 ,14.0 ,餅乾_中西小點,葷食,265,703_L5-65《奧利奧》清甜夾心 隨手包 9入(264.6g/盒)_79_1050_餅乾_中西小點
704,L5-66,《奧利奧》奧利奧三明治草莓隨手包 9入(264.6g/盒),79,1050.00 ,奧利奧,15.0 ,5.0 ,14.0 ,餅乾_中西小點,葷食,265,704_L5-66《奧利奧》奧利奧三明治草莓隨手包 9入(264.6g/盒)_79_1050_餅乾_中西小點
705,L5-67,《奧利奧》輕甜夾心三明治餅乾(411g/盒),99,1470.00 ,奧利奧,21.0 ,5.0 ,14.0 ,餅乾_中西小點,素食,411,705_L5-67《奧利奧》輕甜夾心三明治餅乾(411g/盒)_99_1470_餅乾_中西小點
706,L5-68,《義美》巧克力夾心酥(400g/包),85,2760.00 ,義美,23.0 ,5.0 ,24.0 ,餅乾_中西小點,葷食,400,706_L5-68《義美》巧克力夾心酥(400g/包)_85_2760_餅乾_中西小點
707,L5-69,《義美》花生夾心酥(400g/包),85,2760.00 ,義美,23.0 ,5.0 ,24.0 ,餅乾_中西小點,葷食,400,707_L5-69《義美》花生夾心酥(400g/包)_85_2760_餅乾_中西小點
708,L5-70,《義美》美味薄餅夾心-起司(144公克/盒),52,1518.00 ,義美,23.0 ,6.0 ,11.0 ,餅乾_中西小點,葷食,144,708_L5-70《義美》美味薄餅夾心-起司(144公克/盒)_52_1518_餅乾_中西小點
709,L5-71,《義美》美味薄餅夾心-檸檬風味(144公克/盒),52,1518.00 ,義美,23.0 ,6.0 ,11.0 ,餅乾_中西小點,葷食,144,709_L5-71《義美》美味薄餅夾心-檸檬風味(144公克/盒)_52_1518_餅乾_中西小點
710,L5-72,《義美》香芋夾心酥(400g/包),85,2760.00 ,義美,23.0 ,5.0 ,24.0 ,餅乾_中西小點,葷食,400,710_L5-72《義美》香芋夾心酥(400g/包)_85_2760_餅乾_中西小點
711,L5-73,《義美》香草牛奶夾心酥(400g/包),85,2760.00 ,義美,23.0 ,5.0 ,24.0 ,餅乾_中西小點,葷食,400,711_L5-73《義美》香草牛奶夾心酥(400g/包)_85_2760_餅乾_中西小點
712,L5-74,《義美》草莓夾心酥(400g/包),85,2760.00 ,義美,23.0 ,5.0 ,24.0 ,餅乾_中西小點,葷食,400,712_L5-74《義美》草莓夾心酥(400g/包)_85_2760_餅乾_中西小點
713,L5-75,《義美》新浪派牛奶巧克力(256g/盒),69,2600.00 ,義美,20.0 ,6.5 ,20.0 ,餅乾_中西小點,葷食,256,713_L5-75《義美》新浪派牛奶巧克力(256g/盒)_69_2600_餅乾_中西小點
714,L5-76,《義美》新浪派黑巧克力(256g/盒),69,2600.00 ,義美,20.0 ,6.5 ,20.0 ,餅乾_中西小點,葷食,256,714_L5-76《義美》新浪派黑巧克力(256g/盒)_69_2600_餅乾_中西小點
715,L5-77,《義美》檸檬夾心酥(400g/包),85,2760.00 ,義美,23.0 ,5.0 ,24.0 ,餅乾_中西小點,葷食,400,715_L5-77《義美》檸檬夾心酥(400g/包)_85_2760_餅乾_中西小點
716,L5-78,《優龍》ACE夾心餅乾-起司(125公克/盒),50,1382.98 ,優龍,23.5 ,5.5 ,10.7 ,餅乾_中西小點,葷食,125,716_L5-78《優龍》ACE夾心餅乾-起司(125公克/盒)_50_1382.975_餅乾_中西小點
717,L5-79,《優龍》ACE提拉米蘇夾心餅乾(125g/盒),50,1382.98 ,優龍,23.5 ,5.5 ,10.7 ,餅乾_中西小點,葷食,125,717_L5-79《優龍》ACE提拉米蘇夾心餅乾(125g/盒)_50_1382.975_餅乾_中西小點
718,L5-80,《LOTTE樂天》小熊餅乾-超值美味組合(37g盒),27,661.50 ,LOTTE樂天,7.0 ,7.0 ,13.5 ,餅乾_中西小點,葷食,37,718_L5-80《LOTTE樂天》小熊餅乾-超值美味組合(37g盒)_27_661.5_餅乾_中西小點
719,L5-81,《LOTTE樂天》小熊餅迷你包-巧克力口味(126g/盒),109,1795.50 ,LOTTE樂天,19.0 ,9.0 ,10.5 ,餅乾_中西小點,葷食,126,719_L5-81《LOTTE樂天》小熊餅迷你包-巧克力口味(126g/盒)_109_1795.5_餅乾_中西小點
720,L5-82,《盛香珍》巧克力脆餅(180g/盒),65,2205.00 ,盛香珍,17.5 ,6.0 ,21.0 ,餅乾_中西小點,葷食,180,720_L5-82《盛香珍》巧克力脆餅(180g/盒)_65_2205_餅乾_中西小點
721,L5-83,《可口》小瓜呆脆笛酥-牛奶口味(210g/盒),61,1963.50 ,可口,17.0 ,5.5 ,21.0 ,餅乾_中西小點,葷食,210,721_L5-83《可口》小瓜呆脆笛酥-牛奶口味(210g/盒)_61_1963.5_餅乾_中西小點
722,L5-84,《可口》小瓜呆脆笛酥草莓量販包(210g/盒),61,1963.50 ,可口,17.0 ,5.5 ,21.0 ,餅乾_中西小點,葷食,210,722_L5-84《可口》小瓜呆脆笛酥草莓量販包(210g/盒)_61_1963.5_餅乾_中西小點
723,L5-85,《盛香珍》捲心酥榛果巧克力(200公克/盒),49,2150.50 ,盛香珍,17.0 ,5.5 ,23.0 ,餅乾_中西小點,葷食,200,723_L5-85《盛香珍》捲心酥榛果巧克力(200公克/盒)_49_2150.5_餅乾_中西小點
724,L5-86,《孔雀》捲心餅-草莓奶昔(189g/盒),59,2281.50 ,乖乖,19.5 ,9.0 ,13.0 ,餅乾_中西小點,葷食,189,724_L5-86《孔雀》捲心餅-草莓奶昔(189g/盒)_59_2281.5_餅乾_中西小點
725,L5-87,《義美》巧克力卷量販盒-南洋香芋(273g/盒),82,2762.50 ,義美,6.5 ,17.0 ,25.0 ,餅乾_中西小點,葷食,273,725_L5-87《義美》巧克力卷量販盒-南洋香芋(273g/盒)_82_2762.5_餅乾_中西小點
726,L5-88,《義美》牛奶卷-巧克力(215g/盒),75,2178.00 ,義美,16.5 ,6.0 ,22.0 ,餅乾_中西小點,葷食,215,726_L5-88《義美》牛奶卷-巧克力(215g/盒)_75_2178_餅乾_中西小點
727,L5-89,《乖乖》孔雀捲心餅-阿薩姆奶茶(63公克x3包 / 盒),59,2281.50 ,乖乖,19.5 ,9.0 ,13.0 ,餅乾_中西小點,葷食,189,727_L5-89《乖乖》孔雀捲心餅-阿薩姆奶茶(63公克x3包 / 盒)_59_2281.5_餅乾_中西小點
728,L5-90,《義美》草莓鮮乳卷(215g/盒),78,2178.00 ,義美,16.5 ,6.0 ,22.0 ,餅乾_中西小點,葷食,215,728_L5-90《義美》草莓鮮乳卷(215g/盒)_78_2178_餅乾_中西小點
729,L5-91,《義美》鮮乳卷(咖啡)(215g/盒),79,2178.00 ,義美,16.5 ,6.0 ,22.0 ,餅乾_中西小點,葷食,215,729_L5-91《義美》鮮乳卷(咖啡)(215g/盒)_79_2178_餅乾_中西小點
730,L5-92,《盛香珍》捲心酥草莓(200g/盒),59,2150.50 ,盛香珍,5.5 ,17.0 ,23.0 ,餅乾_中西小點,葷食,200,730_L5-92《盛香珍》捲心酥草莓(200g/盒)_59_2150.5_餅乾_中西小點
731,L5-93,《義美》巧克力卷量販盒-法式布丁(273g/盒),79,2762.50 ,義美,6.5 ,17.0 ,25.0 ,餅乾_中西小點,葷食,273,731_L5-93《義美》巧克力卷量販盒-法式布丁(273g/盒)_79_2762.5_餅乾_中西小點
732,L5-94,《乖乖》孔雀捲心餅-巧克力(63gx3包/盒),56,2281.50 ,乖乖,19.5 ,9.0 ,13.0 ,餅乾_中西小點,葷食,189,732_L5-94《乖乖》孔雀捲心餅-巧克力(63gx3包/盒)_56_2281.5_餅乾_中西小點
733,L5-95,《乖乖》孔雀捲心餅-雞蛋布丁(63gx3包/盒),56,2281.50 ,乖乖,19.5 ,9.0 ,13.0 ,餅乾_中西小點,葷食,189,733_L5-95《乖乖》孔雀捲心餅-雞蛋布丁(63gx3包/盒)_56_2281.5_餅乾_中西小點
734,L5-96,《乖乖》孔雀捲心餅-咖啡(63gx3包/盒),56,2281.50 ,乖乖,19.5 ,9.0 ,13.0 ,餅乾_中西小點,葷食,189,734_L5-96《乖乖》孔雀捲心餅-咖啡(63gx3包/盒)_56_2281.5_餅乾_中西小點
735,L5-97,《盛香珍》拿鐵咖啡脆捲(210g/盒),72,2793.00 ,盛香珍,19.0 ,6.0 ,24.5 ,餅乾_中西小點,葷食,210,735_L5-97《盛香珍》拿鐵咖啡脆捲(210g/盒)_72_2793_餅乾_中西小點
736,L5-98,《喜年來》原味蛋捲分享包(128g/盒),42,1575.00 ,喜年來,12.5 ,6.0 ,21.0 ,餅乾_中西小點,葷食,128,736_L5-98《喜年來》原味蛋捲分享包(128g/盒)_42_1575_餅乾_中西小點
737,L5-99,《義美》奶油蛋卷(180g/盒),79,2530.00 ,義美,23.0 ,5.5 ,20.0 ,餅乾_中西小點,葷食,180,737_L5-99《義美》奶油蛋卷(180g/盒)_79_2530_餅乾_中西小點
738,L5-100,《喜年來》芝麻蛋捲分享包(128g/盒),45,1575.00 ,喜年來,12.5 ,6.0 ,21.0 ,餅乾_中西小點,葷食,128,738_L5-100《喜年來》芝麻蛋捲分享包(128g/盒)_45_1575_餅乾_中西小點
739,L5-101,《盛香珍》日式燒卷 芝麻(148g/盒),57,2408.25 ,盛香珍,13.0 ,9.5 ,19.5 ,餅乾_中西小點,葷食,148,739_L5-101《盛香珍》日式燒卷 芝麻(148g/盒)_57_2408.25_餅乾_中西小點
740,L5-102,《盛香珍》日式燒卷 紫菜(140g/盒),57,2408.25 ,盛香珍,13.0 ,9.5 ,19.5 ,餅乾_中西小點,葷食,140,740_L5-102《盛香珍》日式燒卷 紫菜(140g/盒)_57_2408.25_餅乾_中西小點
741,L5-103,《喜年來》芝麻蛋捲經濟包(192g/盒),69,2231.25 ,喜年來,12.5 ,8.5 ,21.0 ,餅乾_中西小點,葷食,192,741_L5-103《喜年來》芝麻蛋捲經濟包(192g/盒)_69_2231.25_餅乾_中西小點
742,L5-104,《喜年來》原味蛋捲經濟包(192g/盒),69,2231.25 ,喜年來,12.5 ,8.5 ,21.0 ,餅乾_中西小點,葷食,192,742_L5-104《喜年來》原味蛋捲經濟包(192g/盒)_69_2231.25_餅乾_中西小點
743,L5-105,《義美》原味小蛋卷(114公克/盒),48,2231.25 ,義美,12.5 ,8.5 ,21.0 ,餅乾_中西小點,葷食,114,743_L5-105《義美》原味小蛋卷(114公克/盒)_48_2231.25_餅乾_中西小點
744,L5-106,《義美》芝麻小蛋卷(114公克/盒),48,2231.25 ,義美,12.5 ,8.5 ,21.0 ,餅乾_中西小點,葷食,114,744_L5-106《義美》芝麻小蛋卷(114公克/盒)_48_2231.25_餅乾_中西小點
745,L5-107,《義美》原味蛋卷(180g/盒),79,2530.00 ,義美,23.0 ,5.5 ,20.0 ,餅乾_中西小點,葷食,180,745_L5-107《義美》原味蛋卷(180g/盒)_79_2530_餅乾_中西小點
746,L5-108,《義美》芝麻蛋卷(180g/盒),79,2530.00 ,義美,23.0 ,5.5 ,20.0 ,餅乾_中西小點,葷食,180,746_L5-108《義美》芝麻蛋卷(180g/盒)_79_2530_餅乾_中西小點
747,L5-109,《盛香珍》榛果巧克酥(240g/盒),69,2090.00 ,盛香珍,20.0 ,5.5 ,19.0 ,餅乾_中西小點,素食,240,747_L5-109《盛香珍》榛果巧克酥(240g/盒)_69_2090_餅乾_中西小點
748,L5-110,《盛香珍》手製煎餅花生口味(210g/盒),65,3006.25 ,盛香珍,18.5 ,6.5 ,25.0 ,餅乾_中西小點,素食,210,748_L5-110《盛香珍》手製煎餅花生口味(210g/盒)_65_3006.25_餅乾_中西小點
749,L5-111,《義美》煎餅量販盒-芝麻(231g/盒),65,2762.50 ,義美,17.0 ,6.5 ,25.0 ,餅乾_中西小點,葷食,231,749_L5-111《義美》煎餅量販盒-芝麻(231g/盒)_65_2762.5_餅乾_中西小點
750,L5-112,《盛香珍》手製煎餅 綠藻(210g/盒),65,3006.25 ,盛香珍,18.5 ,6.5 ,25.0 ,餅乾_中西小點,素食,210,750_L5-112《盛香珍》手製煎餅 綠藻(210g/盒)_65_3006.25_餅乾_中西小點
751,L5-113,《盛香珍》手製煎餅芝麻(210g/盒),69,3006.25 ,盛香珍,18.5 ,6.5 ,25.0 ,餅乾_中西小點,素食,210,751_L5-113《盛香珍》手製煎餅芝麻(210g/盒)_69_3006.25_餅乾_中西小點
752,L5-114,《義美》狀元煎餅-杏仁(256g/盒),68,2762.50 ,義美,17.0 ,6.5 ,25.0 ,餅乾_中西小點,葷食,256,752_L5-114《義美》狀元煎餅-杏仁(256g/盒)_68_2762.5_餅乾_中西小點
753,L5-115,《義美》狀元煎餅(256g/盒),64,2762.50 ,義美,17.0 ,6.5 ,25.0 ,餅乾_中西小點,葷食,256,753_L5-115《義美》狀元煎餅(256g/盒)_64_2762.5_餅乾_中西小點
754,L5-116,《義美》煎餅量販盒-杏仁(240g/盒),65,2762.50 ,義美,17.0 ,6.5 ,25.0 ,餅乾_中西小點,葷食,240,754_L5-116《義美》煎餅量販盒-杏仁(240g/盒)_65_2762.5_餅乾_中西小點
755,L5-117,《義美》煎餅量販盒-海苔(231g/盒),65,2762.50 ,義美,17.0 ,6.5 ,25.0 ,餅乾_中西小點,葷食,231,755_L5-117《義美》煎餅量販盒-海苔(231g/盒)_65_2762.5_餅乾_中西小點
756,L5-118,《義美》煎餅量販盒-牛奶(231g/盒),65,2762.50 ,義美,17.0 ,6.5 ,25.0 ,餅乾_中西小點,葷食,231,756_L5-118《義美》煎餅量販盒-牛奶(231g/盒)_65_2762.5_餅乾_中西小點
757,L5-119,《義美》煎餅量販盒-花生(240g/盒),65,2762.50 ,義美,17.0 ,6.5 ,25.0 ,餅乾_中西小點,葷食,240,757_L5-119《義美》煎餅量販盒-花生(240g/盒)_65_2762.5_餅乾_中西小點
758,L5-120,《健康日誌》韓式泡菜脆餅(192g/包),49,1890.00 ,健康日誌,21.0 ,15.0 ,6.0 ,餅乾_中西小點,葷食,192,758_L5-120《健康日誌》韓式泡菜脆餅(192g/包)_49_1890_餅乾_中西小點
759,L5-121,《健康日誌》海苔洋芋脆餅(192g/袋),49,1890.00 ,健康日誌,21.0 ,15.0 ,6.0 ,餅乾_中西小點,素食,192,759_L5-121《健康日誌》海苔洋芋脆餅(192g/袋)_49_1890_餅乾_中西小點
760,L5-122,《健康日誌》法式蒜味脆餅(192g/袋),49,1890.00 ,健康日誌,21.0 ,15.0 ,6.0 ,餅乾_中西小點,葷食,192,760_L5-122《健康日誌》法式蒜味脆餅(192g/袋)_49_1890_餅乾_中西小點
761,L5-123,《厚毅》三角野菜餅(192g/包),49,1872.00 ,厚毅,13.0 ,9.0 ,16.0 ,餅乾_中西小點,素食,192,761_L5-123《厚毅》三角野菜餅(192g/包)_49_1872_餅乾_中西小點
762,L5-124,《喜年來》蔬菜餅乾經濟包(150g/盒),59,3059.00 ,喜年來,23.0 ,7.0 ,19.0 ,餅乾_中西小點,葷食,150,762_L5-124《喜年來》蔬菜餅乾經濟包(150g/盒)_59_3059_餅乾_中西小點
763,L5-125,《福義軒》純鮮乳餅(200g/盒),79,2193.75 ,福義軒,15.0 ,7.5 ,19.5 ,餅乾_中西小點,葷食,200,763_L5-125《福義軒》純鮮乳餅(200g/盒)_79_2193.75_餅乾_中西小點
764,L5-126,《福義軒》黑芝麻脆餅(200g/盒),79,2193.75 ,福義軒,15.0 ,7.5 ,19.5 ,餅乾_中西小點,葷食,200,764_L5-126《福義軒》黑芝麻脆餅(200g/盒)_79_2193.75_餅乾_中西小點
765,L5-127,《福義軒》紅麴薄餅(200g/盒),79,2193.75 ,福義軒,15.0 ,7.5 ,19.5 ,餅乾_中西小點,葷食,200,765_L5-127《福義軒》紅麴薄餅(200g/盒)_79_2193.75_餅乾_中西小點
766,L5-128,《義美》鮮乳薄餅(240g/盒),69,2400.00 ,義美,12.5 ,8.0 ,24.0 ,餅乾_中西小點,葷食,240,766_L5-128《義美》鮮乳薄餅(240g/盒)_69_2400_餅乾_中西小點
767,L5-129,《義美》紅麴養生薄餅(240g/盒),69,2400.00 ,義美,12.5 ,8.0 ,24.0 ,餅乾_中西小點,葷食,240,767_L5-129《義美》紅麴養生薄餅(240g/盒)_69_2400_餅乾_中西小點
768,L5-130,《喜年來》藍綠藻薄餅量販盒(20g+-9%*15包/盒),79,2520.00 ,喜年來,12.0 ,10.0 ,21.0 ,餅乾_中西小點,葷食,300,768_L5-130《喜年來》藍綠藻薄餅量販盒(20g+-9%*15包/盒)_79_2520_餅乾_中西小點
769,L5-131,《喜年來》紅麴薄餅量販盒(20g*15包/盒),79,2520.00 ,喜年來,12.0 ,10.0 ,21.0 ,餅乾_中西小點,葷食,300,769_L5-131《喜年來》紅麴薄餅量販盒(20g*15包/盒)_79_2520_餅乾_中西小點
770,L5-132,《RITZ》麗滋餅乾家庭號(300g/盒),89,1732.50 ,RITZ麗滋,15.0 ,5.5 ,21.0 ,餅乾_中西小點,素食,300,770_L5-132《RITZ》麗滋餅乾家庭號(300g/盒)_89_1732.5_餅乾_中西小點
771,L5-133,《旺旺》一定要吃-輕辣(70g/盒),24,1237.50 ,旺旺,12.5 ,18.0 ,5.5 ,餅乾_中西小點,素食,70,771_L5-133《旺旺》一定要吃-輕辣(70g/盒)_24_1237.5_餅乾_中西小點
772,L5-134,《旺旺》一定要吃-原味(70g),25,1237.50 ,旺旺,12.5 ,18.0 ,5.5 ,餅乾_中西小點,素食,70,772_L5-134《旺旺》一定要吃-原味(70g)_25_1237.5_餅乾_中西小點
773,L5-135,《旺旺》小小酥綜合(150g/包),43,2584.00 ,旺旺,16.0 ,19.0 ,8.5 ,餅乾_中西小點,素食,150,773_L5-135《旺旺》小小酥綜合(150g/包)_43_2584_餅乾_中西小點
774,L5-136,《有田製?》乳幼米果-胡蘿蔔(60g/包),45,1568.00 ,有田製?,14.0 ,16.0 ,7.0 ,餅乾_中西小點,素食,60,774_L5-136《有田製?》乳幼米果-胡蘿蔔(60g/包)_45_1568_餅乾_中西小點
775,L5-137,《有田製?》蔬菜家族(60g/包),49,1568.00 ,有田製?,14.0 ,16.0 ,7.0 ,餅乾_中西小點,素食,60,775_L5-137《有田製?》蔬菜家族(60g/包)_49_1568_餅乾_中西小點
776,L5-138,《有田製?》乳幼米果-水果(60g/包),49,1568.00 ,有田製?,14.0 ,16.0 ,7.0 ,餅乾_中西小點,素食,60,776_L5-138《有田製?》乳幼米果-水果(60g/包)_49_1568_餅乾_中西小點
777,L5-139,《有田製?》乳幼米果(60g/包),49,1568.00 ,有田製?,14.0 ,16.0 ,7.0 ,餅乾_中西小點,素食,60,777_L5-139《有田製?》乳幼米果(60g/包)_49_1568_餅乾_中西小點
